Actual_Charging_Demand,Linear_Regression_Prediction,Random_Forest_Prediction,Linear_Regression_Error,Random_Forest_Error
85.7216494875591,86.39713774421179,86.18645249154613,-0.6754882566526845,-0.46480300398702923
65.22231196582764,69.65205507752492,69.5660738212014,-4.429743111697277,-4.3437618553737565
78.74678920172926,74.08965884842681,73.94637523067459,4.657130353302449,4.800413971054667
17.95083508159847,18.191647839857993,18.05218499478259,-0.24081275825952275,-0.10134991318411934
24.736213356992916,28.388157812244703,28.976134193041336,-3.651944455251787,-4.2399208360484195
68.85409335730196,63.88619757858267,64.56632036194213,4.967895778719296,4.2877729953598305
39.00070380690013,39.395191809757264,39.429431114655245,-0.3944880028571376,-0.4287273077551177
103.21274013063208,99.94345829538675,99.45779268050086,3.269281835245337,3.754947450131226
103.58742396513308,100.15695869134751,100.15670873989774,3.430465273785572,3.430715225235346
19.42936947347735,17.378621037705706,17.639957300630805,2.050748435771645,1.7894121728465464
21.265906595427364,19.783996351392922,19.011318991903146,1.4819102440344416,2.254587603524218
27.393402920236365,23.824826144999253,22.389909114591706,3.568576775237112,5.003493805644659
87.62968574341032,84.96479518933938,83.72646478141255,2.6648905540709364,3.903220961997775
85.83498520153216,81.26575347608414,81.55498341608158,4.56923172544802,4.28000178545058
40.92956014081727,42.19403212424368,40.99033051983927,-1.2644719834264038,-0.06077037902199578
77.39546007626888,77.13067442446425,77.24511011239204,0.26478565180462965,0.15034996387683464
64.51958222963577,67.80720553199828,67.07446611933032,-3.2876233023625048,-2.554883889694551
19.298662954700685,18.860829848388263,19.653148615785522,0.43783310631242145,-0.35448566108483703
31.26180495335356,26.82441529272357,26.812596041589817,4.437389660629989,4.449208911763744
20.20065866710077,23.829918231958683,23.743686343232035,-3.629259564857911,-3.5430276761312633
93.13351458423595,91.07574020076792,90.60946217400637,2.057774383468029,2.5240524102295865
27.610765382513502,24.479754334259397,24.78842541431996,3.1310110482541056,2.8223399681935426
99.07778034406162,100.20431795743053,100.76521855889594,-1.1265376133689102,-1.6874382148343159
16.21104421913368,19.71597537381686,18.975008620435737,-3.504931154683181,-2.763964401302058
64.66898727981172,63.856910339849364,63.43877519062612,0.8120769399623526,1.2302120891855992
25.589361500640155,25.679182586477715,24.026815275116423,-0.08982108583755988,1.5625462255237323
38.69763579907188,43.17936046148055,42.30390938531346,-4.481724662408666,-3.606273586241578
35.43830760662144,34.04636157488687,34.60042109939443,1.3919460317345695,0.8378865072270116
46.68957491309625,48.83155328215028,49.18512747078212,-2.14197836905403,-2.495552557685869
68.77396066799503,72.19369125132674,71.96110387820988,-3.419730583331713,-3.187143210214856
72.09517242251937,74.40333787282954,76.04814990141823,-2.3081654503101703,-3.952977478898859
23.60379560193553,28.031421380364918,28.33186189398162,-4.4276257784293875,-4.7280662920460905
76.73428064755828,78.70925309698721,79.0424892081883,-1.9749724494289325,-2.308208560630021
32.77239732172336,28.408576922796517,28.080753786505735,4.363820398926844,4.691643535217626
37.16180287793388,37.27920156290244,37.61340503775484,-0.11739868496856332,-0.45160215982095764
15.857078438635709,14.234408883987868,14.267407972736523,1.6226695546478407,1.5896704658991858
27.799888841329786,25.32505470486808,25.45073500348416,2.4748341364617055,2.349153837845627
19.80848886661473,22.956604627588906,21.92657518367879,-3.148115760974175,-2.1180863170640585
82.22874535041738,86.95226134561558,86.79707842063986,-4.723515995198198,-4.568333070222479
61.64086893368707,59.44048597312645,59.277588629453895,2.200382960560617,2.3632803042331716
11.346515084463237,15.742676324200971,16.66090918921874,-4.396161239737735,-5.314394104755502
97.64218764645965,93.14341087561638,91.36938991098894,4.498776770843264,6.272797735470704
103.28631240383316,100.08895681488892,100.10456802488221,3.197355588944248,3.1817443789509525
71.43753800677263,68.47218126037845,69.78489976537293,2.9653567463941783,1.6526382413996998
45.027937157026464,49.77214804237233,49.80347843378856,-4.744210885345865,-4.775541276762098
46.097550909304864,45.190782700384915,45.28502768160784,0.9067682089199494,0.8125232276970209
48.039179377057486,51.67869705107438,51.85238441318944,-3.6395176740168935,-3.8132050361319543
21.51206942996334,25.906545196144833,25.76963480407163,-4.394475766181493,-4.257565374108289
83.27669639843734,85.89373033777298,85.97636236908785,-2.6170339393356414,-2.699665970650514
28.43382199194497,27.647888847676853,27.34607282464297,0.7859331442681174,1.0877491673020003
40.8416423630475,41.47724407013837,40.70328922493966,-0.6356017070908706,0.13835313810783845
26.90124757941524,28.456417031724648,27.647071753694902,-1.555169452309407,-0.7458241742796616
26.689205785390072,31.319636996658357,31.0675365210334,-4.630431211268284,-4.378330735643328
53.33771825543143,49.304811972818285,47.879514487068064,4.032906282613148,5.458203768363369
16.090828788913228,18.47054315133873,17.851788278289437,-2.379714362425503,-1.7609594893762086
24.962859550600868,26.62079480348786,25.50504903179746,-1.6579352528869933,-0.5421894811965906
66.11162279564529,61.5140940677419,61.37376833035634,4.597528727903388,4.737854465288947
37.994325842086965,40.45837841066743,39.588039270073615,-2.4640525685804633,-1.5937134279866498
36.70068360970973,33.99699637963366,34.19745153094299,2.7036872300760706,2.503232078766736
34.89669428824587,31.62637738020835,30.7008643805833,3.2703169080375183,4.195829907662567
76.3752524840943,79.91802505936147,80.6676778289428,-3.542772575267165,-4.292425344848496
65.53521503225896,68.66744145573432,68.8580179976222,-3.132226423475359,-3.3228029653632376
33.840573714086105,32.0149493756346,32.572413376127535,1.8256243384515045,1.2681603379585695
89.13849630176841,87.75161837048003,88.62780708476714,1.3868779312883817,0.5106892170012713
32.249103711878334,32.362512980656476,31.273537031097543,-0.11340926877814184,0.9755666807807906
54.61614997896069,59.27159526454288,58.69033499657278,-4.655445285582189,-4.074185017612088
32.24941764070734,33.925620014966505,34.54025986292086,-1.6762023742591623,-2.29084222221352
35.485593180672865,32.63923746060381,33.08052488621403,2.846355720069056,2.405068294458836
88.50356031448452,90.0446075249711,89.77535868369439,-1.5410472104865818,-1.2717983692098755
13.144482049051357,13.132394256381716,12.655479810322186,0.012087792669641217,0.4890022387291708
86.17608213174906,90.14195868512493,89.14459045696287,-3.965876553375878,-2.9685083252138185
63.61434154720521,67.60854774582036,65.98243070552489,-3.994206198615153,-2.368089158319684
31.939374601205078,29.46294027961236,28.997005950525036,2.4764343215927163,2.9423686506800415
93.64295452780614,89.08802018504454,89.86811069198079,4.554934342761598,3.774843835825351
34.86452037818446,37.07541990342642,36.68020026113765,-2.210899525241963,-1.8156798829531908
48.2233894380916,50.25890847832932,50.00485484587401,-2.035519040237716,-1.781465407782406
99.18204941615116,100.12738283163962,99.04815766476972,-0.945333415488463,0.13389175138144083
50.034705536693664,54.76941156623965,54.24275759902879,-4.734706029545983,-4.208052062335128
10.503074384740444,13.712563674991536,13.583167888992525,-3.209489290251092,-3.0800935042520816
35.81529524681222,37.932340636607506,38.91840642350857,-2.117045389795287,-3.103111176696352
28.23857067992479,29.97296901128625,29.17665790099456,-1.734398331361458,-0.9380872210697682
66.95342872063168,67.70665945036919,66.33023778960032,-0.7532307297375098,0.6231909310313597
31.40030696549209,28.798831803904644,28.787237483482123,2.6014751615874445,2.6130694820099656
47.21378911777525,47.43429957455957,47.638442995809584,-0.2205104567843179,-0.4246538780343343
88.05845702079496,83.42998498056453,84.7369912783638,4.6284720402304345,3.321465742431158
33.80953837140754,29.340002590379864,29.109155869310026,4.469535781027677,4.700382502097515
54.13239949052388,52.54806923750506,52.57788237052341,1.5843302530188197,1.5545171200004688
65.2507403888859,62.01624369278284,62.33399421838272,3.234496696103065,2.916746170503181
35.54119202245399,37.71740590244249,37.82661844277366,-2.1762138799885022,-2.2854264203196664
67.29134621020985,66.19747129225189,65.81202306477265,1.0938749179579617,1.4793231454372062
33.177947724863905,31.312256806743118,31.186500817184896,1.8656909181207872,1.9914469076790091
52.35488110594975,54.48136253222056,54.07763887625612,-2.126481426270807,-1.722757770306366
49.86169955136345,49.4657356689081,47.93241193701949,0.39596388245534797,1.9292876143439628
28.4222479910231,30.476995279956164,29.33802994790434,-2.054747288933065,-0.91578195688124
69.49110601905745,73.03134623573439,72.54614749255616,-3.540240216676935,-3.0550414734987044
92.32414477864891,90.7334083528619,90.00958805410313,1.5907364257870142,2.314556724545781
88.21051736163344,87.58168716559257,86.85170808900946,0.628830196040866,1.3588092726239722
29.442611502425645,30.54544583242973,29.76050856204638,-1.102834330004086,-0.31789705962073356
80.11116246307144,81.92284458582003,81.91807567562554,-1.8116821227485929,-1.8069132125541074
65.69123470778864,64.19925079007301,64.45029598902377,1.491983917715629,1.2409387187648662
83.84465333839553,86.33676291866696,87.02296956539988,-2.492109580271432,-3.178316227004345
29.405894078372484,32.87851992008245,32.34098299719122,-3.472625841709963,-2.9350889188187352
45.446045392725054,44.56630221135423,45.93568070646494,0.8797431813708272,-0.489635313739889
37.80851946991887,36.044479780852456,36.78485466008746,1.764039689066415,1.0236648098314092
44.75780932669114,42.97881773813589,44.20177034785996,1.7789915885552503,0.5560389788311753
36.59161405243415,38.37059902628204,37.58103908959525,-1.7789849738478836,-0.989425037161098
20.24104567196404,19.80501546475002,20.249128800875805,0.43603020721402075,-0.008083128911763993
9.464976217225855,13.917663493379031,14.924586669227615,-4.452687276153176,-5.45961045200176
103.34969549481184,100.10482094477638,99.49486580681118,3.244874550035462,3.854829688000663
73.40377160901483,68.57404081136951,68.56279552100628,4.829730797645311,4.840976088008546
49.90165065966758,53.69982664354372,54.56658210038491,-3.798175983876142,-4.664931440717332
97.11391314722336,99.91522448130561,98.81127439283148,-2.801311334082257,-1.6973612456081213
31.920338311597607,31.548587698272716,30.70090033625575,0.3717506133248918,1.219437975341858
18.67101980404163,22.417859038070127,21.822870008396748,-3.7468392340284957,-3.1518502043551173
53.18174595481642,52.38652656521694,52.753889678043905,0.795219389599481,0.42785627677251625
40.99933330145312,36.981628951751915,37.21073755051032,4.017704349701205,3.7885957509427968
43.779472616226805,46.644312672555714,46.98635175384567,-2.8648400563289087,-3.206879137618863
26.84757972937488,24.766113136793486,24.784085533664935,2.0814665925813927,2.063494195709943
91.50861643070732,88.58306172234758,88.92878236398248,2.9255547083597406,2.5798340667248425
22.73903074534316,20.206410756439496,20.96702170704488,2.532619988903665,1.7720090382982825
12.412079565674812,16.50021772362377,16.25361364542233,-4.088138157948958,-3.841534079747518
50.60293211665903,55.18601520025749,54.6201451166331,-4.583083083598467,-4.01721299997407
69.75663835324224,71.88690602333321,70.96489578216875,-2.130267670090973,-1.2082574289265153
35.07665674728022,36.084463151097694,36.86828931406623,-1.0078064038174759,-1.7916325667860136
52.57542896913273,47.907764780715056,48.117691815380795,4.667664188417675,4.4577371537519355
51.17270338522039,54.51911748957596,54.467809047406035,-3.346414104355574,-3.295105662185648
68.71473822882955,67.42664035583563,66.60141623039277,1.2880978729939159,2.113321998436774
60.11495263634399,61.12356057561455,61.017874919273616,-1.0086079392705543,-0.9029222829296231
26.941227126722872,31.223391788838633,30.776345616818308,-4.282164662115761,-3.835118490095436
91.10150713771507,89.891100492246,90.6221976377275,1.210406645469078,0.4793094999875791
25.24273730518554,27.998030270250222,28.876091816480308,-2.755292965064683,-3.633354511294769
74.21542339109277,70.20544494979079,70.68641008936355,4.009978441301982,3.529013301729222
26.25756910549921,23.338865967472238,21.934001135803165,2.9187031380269737,4.323567969696047
87.72652072968346,88.32625640057874,88.56084240723072,-0.599735670895285,-0.8343216775472655
60.07157036050022,62.17782118538008,63.65505555433577,-2.106250824879865,-3.58348519383555
61.115708249887824,64.48965268552311,65.26544603616485,-3.3739444356352877,-4.149737786277022
66.36768910025744,65.68387658541248,66.77658996094674,0.6838125148449592,-0.4089008606893003
25.43114256280054,29.630955205655034,28.66131406183899,-4.199812642854493,-3.2301714990384482
26.937387650617296,27.806104298277685,27.870626119046786,-0.8687166476603885,-0.9332384684294901
38.82919850168126,38.59609822259133,38.3339518078842,0.23310027908993192,0.4952466937970641
32.89193917436743,32.594727280597155,33.74699844410104,0.29721189377027457,-0.8550592697336086
58.92322360893419,55.06943020586541,53.77914668938465,3.853793403068778,5.1440769195495335
58.41368218434163,57.42489320000032,57.55565733401022,0.988788984341312,0.858024850331411
56.265230455268096,51.97275085267879,51.974647568212994,4.292479602589303,4.290582887055102
55.19514385159289,56.407350820816056,56.84013237920306,-1.2122069692231676,-1.644988527610174
92.78352647258193,97.75649960788388,99.26628267021162,-4.972973135301956,-6.482756197629698
78.25539535969384,74.70573168978326,76.39418142311885,3.549663669910572,1.861213936574984
24.096187976197687,27.703002006103794,27.46682259597635,-3.6068140299061078,-3.370634619778663
23.311688054707577,27.45498161476635,27.677866605360606,-4.143293560058773,-4.366178550653029
18.044106862093965,19.25691151654663,20.192795417607623,-1.2128046544526647,-2.148688555513658
98.55242723271846,97.70506313824156,98.13450669072455,0.8473640944769016,0.41792054199390805
9.522540546692312,13.863960948825898,14.012948720773224,-4.341420402133586,-4.490408174080912
77.61950207070363,73.92573048969825,74.17338740131896,3.693771581005379,3.44611466938467
96.04502991247948,100.03903292526387,99.79661303872008,-3.9940030127843897,-3.751583126240604
27.99062139157381,23.30455752351867,23.5253631915621,4.68606386805514,4.465258200011711
74.59890487243241,75.98399736580716,75.85784886125164,-1.3850924933747422,-1.258943988819226
56.67118695391412,55.715424262447186,56.61956559185199,0.955762691466937,0.051621362062135745
90.25627317419024,91.79057744025171,92.22408264442662,-1.5343042660614685,-1.967809470236375
54.46685454571129,57.503692449640326,57.04472593749364,-3.036837903929033,-2.5778713917823453
37.0201366649892,34.63012580579945,35.542151959518485,2.3900108591897506,1.4779847054707176
29.012500754579985,32.57333332143088,32.726162772060896,-3.5608325668508947,-3.7136620174809103
15.409612259086472,20.222667774696106,20.923652068553956,-4.8130555156096335,-5.514039809467484
28.46021963491253,33.28370967401969,31.269868647279445,-4.82349003910716,-2.809649012366915
54.37246289764518,57.05067114243007,56.14801882270038,-2.6782082447848907,-1.775555925055201
88.2573367579414,92.77092716446516,92.05002344455397,-4.513590406523761,-3.7926866866125692
18.67693430046897,21.537522475532846,20.00864006556635,-2.8605881750638744,-1.3317057650973787
73.85556211323653,77.7750034201796,77.88149131117862,-3.919441306943071,-4.025929197942091
21.21498533187117,24.661550595651143,24.164897712144807,-3.4465652637799735,-2.949912380273638
20.009380235752054,18.12858481470421,18.052212802318174,1.8807954210478428,1.9571674334338809
18.08781710275982,17.844252588443602,17.141479908513578,0.24356451431621906,0.9463371942462437
42.49413916693561,45.13785547216687,44.09070641319229,-2.6437163052312584,-1.5965672462566758
65.1428580167894,62.68132133664305,64.89760614785308,2.4615366801463523,0.24525186893632167
36.87756106592358,33.412416933122984,32.71539292736219,3.465144132800596,4.162168138561391
29.632537936486223,27.98810413879808,28.29043039719597,1.6444337976881442,1.3421075392902537
41.2816768450688,43.20293233110901,43.791924062741316,-1.9212554860402093,-2.5102472176725144
25.51173999086209,22.801234717876362,21.458067825219505,2.7105052729857277,4.053672165642585
103.22889556585253,99.03922952239421,98.64305876302805,4.189666043458317,4.585836802824474
92.6300126144682,88.79166765102434,87.73779620657784,3.838344963443859,4.892216407890359
14.40893232318528,18.86764971389622,19.802151531234724,-4.458717390710941,-5.3932192080494445
46.6176924268764,49.054418395962564,48.62313601540298,-2.4367259690861616,-2.0054435885265747
51.915607840713335,50.933183405510746,50.81221978911514,0.9824244352025886,1.1033880515981949
18.28443039780338,21.377371774254343,21.01392305381449,-3.0929413764509626,-2.729492656011111
29.400199107318706,28.9138152938169,28.8832832502688,0.4863838135018064,0.5169158570499057
81.74703334324026,79.61707427997749,80.59784617605229,2.129959063262774,1.149187167187975
18.675248258314003,19.993838180833578,21.3447003569688,-1.3185899225195747,-2.669452098654798
45.70308604027496,50.08870145595249,51.0373385359467,-4.3856154156775276,-5.334252495671741
81.12739425571972,77.28871598316556,76.90098462091089,3.838678272554162,4.226409634808832
26.73771021689611,24.75835401700193,23.747306736932238,1.9793561998941804,2.9904034799638737
95.15111877590606,100.10080665835454,100.96880251645527,-4.949687882448487,-5.817683740549214
41.7156652924064,43.58840427093209,45.02242800568697,-1.872738978525689,-3.3067627132805697
88.9274648530789,87.64412091430073,87.41802303983839,1.2833439387781738,1.5094418132405139
86.63119594157989,86.26108995134243,87.74714252807648,0.3701059902374624,-1.115946586496591
83.40795781069974,84.71346104809916,85.01125246425059,-1.3055032373994209,-1.6032946535508472
11.744735131507078,13.139827313210603,13.291816465117346,-1.3950921817035251,-1.5470813336102687
68.08027909439137,68.11787161305833,67.1579834380086,-0.03759251866695479,0.9222956563827722
57.2145074534187,52.70405071592752,52.118957930833545,4.510456737491175,5.095549522585152
75.41639837193473,76.0739488905536,76.54006434245457,-0.6575505186188622,-1.1236659705198377
19.42811507402839,18.75137896614237,19.5541891850197,0.6767361078860219,-0.12607411099130772
66.45276327744779,62.66884351981633,64.15095301024957,3.783919757631459,2.3018102671982206
92.58864354573512,92.52156406208984,92.32328874005712,0.06707948364528704,0.26535480567800107
25.593763318118253,26.579052725387424,26.935916541166815,-0.9852894072691711,-1.3421532230485624
19.302912850402464,16.920508901016902,17.75493121574759,2.382403949385562,1.5479816346548745
83.97525756545507,80.60758918008973,79.58248432568169,3.3676683853653344,4.392773239773376
83.7464043887033,80.05241781943799,80.23536406979154,3.6939865692653058,3.5110403189117534
72.07473223432109,70.49635335025326,70.51870384689875,1.5783788840678312,1.5560283874223444
33.57989018577459,32.88820905800206,34.000176235594324,0.6916811277725259,-0.4202860498197367
93.58102223895008,89.13385322265879,89.53889413583217,4.447169016291298,4.042128103117918
36.14530560747365,32.910398885790485,32.7555449823145,3.234906721683167,3.3897606251591554
27.10781531438908,29.282241135751775,28.712008781039355,-2.1744258213626964,-1.6041934666502762
48.504272157283935,51.08580632437788,50.627796167175966,-2.581534167093942,-2.12352400989203
20.089195167939547,19.42003981555886,17.943367159364318,0.6691553523806881,2.1458280085752293
40.39664831661962,42.1247486577084,41.635989520376505,-1.7281003410887834,-1.2393412037568865
65.88368910596044,62.95659872342908,62.89237092219807,2.927090382531361,2.991318183762374
71.38540480670076,70.63228013762296,70.9066754495316,0.7531246690778062,0.47872935716915777
70.83956287284316,71.53978693912488,71.23862314691478,-0.7002240662817201,-0.3990602740716156
12.471471312025823,16.954150995089762,17.527921111485334,-4.482679683063939,-5.056449799459511
71.92657075436196,67.57105735947401,66.22297468698072,4.35551339488795,5.703596067381241
85.53297109664334,81.66333011695305,81.25285716798989,3.8696409796902884,4.280113928653449
24.37608804003233,22.269096969703956,23.140688872483253,2.106991070328373,1.235399167549076
26.148135442901182,26.46784980232619,25.985784604871174,-0.3197143594250065,0.16235083803000805
44.10365405727059,44.66680351603634,44.201519601590896,-0.56314945876575,-0.0978655443203067
103.77647019650782,100.01599857829186,101.30446250691061,3.760471618215959,2.4720076895972056
82.26504745377886,84.03186117641742,84.59246540215015,-1.7668137226385596,-2.3274179483712913
24.189390532276896,23.018092378217833,23.44696587293819,1.1712981540590626,0.742424659338706
25.47589958876261,20.856768286501165,20.557635886842892,4.619131302261444,4.918263701919717
94.3137191175078,95.92708083835879,96.56190437431718,-1.613361720850989,-2.2481852568093785
99.45956678659216,98.9041725412494,98.48807011261495,0.555394245342768,0.9714966739772137
21.06096804472606,20.69904863795424,21.16098030775345,0.36191940677181833,-0.10001226302739141
29.330138146068343,29.04077360546221,28.878953947050146,0.28936454060613315,0.45118419901819706
59.46670266296282,61.187870425988116,62.1860869993248,-1.7211677630252993,-2.7193843363619834
62.79308882443273,64.55242027531554,64.02205491217433,-1.7593314508828115,-1.2289660877415969
16.55501372652912,21.00496366344919,22.149382622978724,-4.449949936920071,-5.594368896449605
92.77677100597008,92.59308311283982,92.45117639149586,0.18368789313025502,0.32559461447421256
29.160047426917632,31.864384395400116,31.70821361508427,-2.704336968482483,-2.548166188166636
24.61906556433364,22.922419079331913,23.159295837051562,1.6966464850017253,1.459769727282076
32.463613730476084,35.078750694250196,34.91464315007269,-2.6151369637741126,-2.4510294195966082
90.1707878791902,91.16596932315727,89.77120097179586,-0.9951814439670699,0.3995869073943368
93.3877607279054,88.6020387297541,89.79925569465775,4.785721998151303,3.5885050332476567
87.04219340079835,86.80894770569282,86.62964629151418,0.23324569510553772,0.41254710928417637
85.6994881143559,83.01054986389346,83.83011793795984,2.688938250462442,1.8693701763960604
50.43469529857411,50.18671572574237,51.57006671525473,0.24797957283174554,-1.13537141668062
30.01045719275573,32.22158635621069,33.009178438660754,-2.211129163454963,-2.998721245905024
19.65474331865456,16.953389560174806,16.88118278650323,2.7013537584797547,2.773560532151329
33.80660041648938,35.066853471304675,33.025880230408056,-1.2602530548152941,0.7807201860813251
66.32675770845073,70.59071230364457,70.70895391440946,-4.263954595193837,-4.382196205958735
61.81257978590959,61.06100762766171,61.784867328758246,0.7515721582478818,0.027712457151345404
28.43920825720697,30.791938619415145,31.297923247483187,-2.352730362208174,-2.8587149902762157
98.54816526395186,100.19416728558525,99.1398315868815,-1.646002021633393,-0.5916663229296404
31.207885166239397,26.78730419060799,25.990982467595096,4.420580975631406,5.216902698644301
96.64164020820152,99.91324944957509,100.60684426668982,-3.271609241373568,-3.965204058488297
23.998740380720427,21.860855641679734,21.1884522222521,2.137884739040693,2.810288158468328
77.55563923390199,79.71088173761268,78.84544766896313,-2.1552425037106957,-1.289808435061147
61.17504257903811,61.293776704645296,62.2422045804098,-0.11873412560718322,-1.0671620013716847
32.07234211858915,33.715025890859735,34.61096617614667,-1.642683772270587,-2.53862405755752
22.82537999818987,21.38841230662637,20.661005504364013,1.436967691563499,2.164374493825857
94.13086651438596,94.27141049417631,94.78074332194353,-0.14054397979035116,-0.6498768075575754
27.83151720701986,28.48565121706144,28.097387246147328,-0.6541340100415809,-0.2658700391274671
51.73223837033973,49.808248452564726,51.49072097756533,1.9239899177750033,0.24151739277439788
21.48108277532672,21.918916764989973,22.83083359360772,-0.43783398966325393,-1.3497508182810023
88.55463392307466,91.94440522262278,90.0001269564229,-3.3897712995481157,-1.4454930333482423
28.94723410308078,25.766097791268326,26.327967728637727,3.1811363118124554,2.619266374443054
87.1513402027846,86.58709833737906,86.42030648824557,0.5642418654055348,0.7310337145390235
29.879323447144728,27.463383149643974,26.543025311526318,2.415940297500754,3.33629813561841
73.63777717905957,72.03152741888263,71.72617810519534,1.6062497601769365,1.911599073864224
22.78152075148812,19.57393295368953,20.245388499499082,3.207587797798592,2.536132251989038
33.304469549875044,29.030350307559466,29.49614901908869,4.274119242315578,3.8083205307863537
92.52112754871492,91.59765787510497,89.75387609249195,0.9234696736099437,2.767251456222965
14.658901187242265,13.875314665831489,15.165782629100566,0.7835865214107756,-0.506881441858301
39.476519465122266,43.097236842117226,41.12629359733774,-3.6207173769949605,-1.6497741322154766
22.963562780289124,27.933086998027658,28.082768950430367,-4.969524217738535,-5.1192061701412435
71.19064295198297,67.10194473859714,66.06684689057464,4.088698213385825,5.123796061408328
41.91197697487483,41.18101797957116,41.05776841543402,0.7309589953036735,0.8542085594408135
36.29915613235016,32.34605001768221,34.79530613886487,3.9531061146679534,1.5038499934852894
74.58513960740112,70.86606730237682,70.10529664739776,3.719072305024298,4.479842960003353
15.85107171210628,19.73074448580273,20.30335548143698,-3.8796727736964502,-4.4522837693307
25.13881981551528,26.121044304882872,26.42309010241296,-0.9822244893675922,-1.28427028689768
49.82214128756728,52.52190774778614,52.71690428502916,-2.6997664602188607,-2.894762997461882
40.32885019418827,36.40461756360942,37.031240344106074,3.9242326305788495,3.297609850082196
87.1102605360033,90.03017095689518,89.60439673515417,-2.919910420891881,-2.494136199150873
27.23402733924488,31.582178247236932,32.05924311447441,-4.3481509079920535,-4.825215775229534
19.099817111626123,20.984504325771468,21.11223158546448,-1.8846872141453446,-2.0124144738383585
25.819580932653217,28.221412947236743,29.24842460033322,-2.401832014583526,-3.4288436676800025
96.06672574284012,99.63321959516176,99.84247502678565,-3.566493852321642,-3.7757492839455296
95.53474815260738,90.81281948313801,89.97081017405621,4.721928669469364,5.5639379785511665
9.043322936663836,12.573443539636905,14.311579380782327,-3.530120602973069,-5.2682564441184905
35.15932967213196,30.72922434416458,30.909369203834473,4.430105327967379,4.249960468297488
29.92694005386805,29.28728631271812,29.725644649917193,0.6396537411499317,0.20129540395085854
73.18902666349936,73.84517767278233,73.57100733185622,-0.656151009282965,-0.38198066835686006
14.64671796551607,15.629743922915502,14.145776059819312,-0.9830259573994322,0.5009419056967577
45.70335746610964,42.66085461602863,41.03974265068063,3.042502850081007,4.663614815429007
12.043912102665631,14.465382530320404,14.527472716529934,-2.421470427654773,-2.4835606138643023
15.462741087285004,17.533954990672633,18.179477250094926,-2.07121390338763,-2.716736162809923
56.408292688098896,57.03587323388111,56.33668856334057,-0.6275805457822159,0.07160412475832345
61.84947436795589,66.75869329256474,68.03231020925479,-4.909218924608851,-6.182835841298896
51.22674140687484,54.24234520005194,54.16729382162184,-3.0156037931771067,-2.9405524147470032
11.932602099941573,14.57558987714394,15.071859595442982,-2.642987777202368,-3.1392574955014094
15.835299391746684,16.475118275157364,18.75650871973157,-0.6398188834106797,-2.9212093279848865
41.84452535336269,39.3069706680603,38.464150074157416,2.537554685302389,3.380375279205275
61.03995994797057,60.93992411195085,62.33505391503538,0.1000358360197211,-1.2950939670648083
20.234771379360296,21.257013553084388,20.662716321386366,-1.0222421737240914,-0.4279449420260697
101.34162484321418,99.87487358674011,100.0408839456143,1.466751256474069,1.30074089759988
17.360772925282404,13.360967657296328,14.52565773000774,3.9998052679860763,2.835115195274664
64.963493395538,69.4734463988934,71.31108179083327,-4.509953003355406,-6.347588395295276
36.81182107503693,35.137264894558164,35.92513485089845,1.674556180478767,0.8866862241384794
32.70472689543951,31.046495245041193,31.28429993657484,1.6582316503983137,1.4204269588646667
53.44226335679359,54.15305732928728,53.51607335296739,-0.7107939724936898,-0.07380999617380013
49.03292953282912,49.135763667728206,49.11164801010713,-0.10283413489908355,-0.0787184772780094
47.93107814667852,47.632339624451504,48.010572672011584,0.29873852222701913,-0.079494525333061
99.01231464592364,98.24621931887265,97.26444394676197,0.7660953270509907,1.7478706991616662
80.32585078853671,81.10297957842097,81.11407229277967,-0.7771287898842587,-0.788221504242955
18.634322036057405,20.11690789950766,19.556814645910592,-1.4825858634502538,-0.9224926098531867
56.8587679408511,53.05666975301239,53.06704034340975,3.802098187838709,3.7917275974413513
76.16600608476527,80.02109128729782,80.90873871561213,-3.8550852025325497,-4.742732630846859
51.43243692512203,50.27008159675783,50.615910553718734,1.1623553283642067,0.8165263714032989
33.89083742575503,31.205574712799333,30.33584014807156,2.685262712955698,3.5549972776834693
39.20789453140074,42.833765231349986,43.52078825891415,-3.625870699949246,-4.312893727513412
72.02869880102459,67.06453360194898,67.20348663666381,4.964165199075609,4.825212164360778
34.90594501277227,36.18339003958082,36.26219510386386,-1.2774450268085502,-1.3562500910915887
85.93462002672923,87.4644360899049,88.34106901333966,-1.5298160631756588,-2.406448986610428
27.994498901514696,29.18888050512598,31.091831420883338,-1.1943816036112835,-3.097332519368642
88.68418776526464,88.26039746679777,87.49192257208057,0.42379029846686933,1.1922651931840704
84.54454934214822,88.93046932514557,89.95392988246357,-4.3859199829973505,-5.409380540315354
79.3594602273265,78.47236992193729,77.35925077577679,0.8870903053892079,2.0002094515497078
81.08839452165662,81.66717118720467,81.47330529450286,-0.5787766655480482,-0.38491077284624
81.13837199310495,83.74199423804289,83.09531478003055,-2.603622244937938,-1.9569427869255946
61.34730357864478,59.85565704719964,59.41522718633495,1.4916465314451344,1.932076392309824
77.19476235247153,72.75646232344556,72.34151814208438,4.438300029025967,4.853244210387146
50.11569863706885,45.572432303020875,45.774914082014796,4.543266334047978,4.340784555054057
51.081584539768414,49.38923167005571,49.381753177414524,1.6923528697127068,1.6998313623538905
24.06795260392614,27.396722889381337,29.44135835877262,-3.328770285455196,-5.37340575484648
30.018200940966256,25.933396133054554,26.362628072032198,4.084804807911702,3.6555728689340583
43.43868498236625,38.8522088132197,37.82935165656784,4.58647616914655,5.60933332579841
21.698653257674387,20.914491167893637,20.40968115489853,0.7841620897807502,1.2889721027758583
23.563291418596823,27.324434042916693,27.68492762965871,-3.76114262431987,-4.121636211061887
63.55633839218249,63.252096469108764,62.90537700875844,0.3042419230737252,0.6509613834240469
15.82648271539715,15.447990034168441,14.50913741517195,0.3784926812287086,1.3173453002252007
99.49087957168577,100.04531878165565,99.97911912999513,-0.5544392099698854,-0.4882395583093597
65.83504073787172,64.90887338583454,64.69992832294915,0.9261673520371829,1.135112414922574
48.05251551383501,46.83374991897593,45.80596090553942,1.2187655948590788,2.2465546082955896
41.23472557360913,44.180416824163274,45.04514262594789,-2.945691250554141,-3.8104170523387566
24.163784188087305,26.235672090331054,26.810647076235455,-2.0718879022437484,-2.6468628881481493
32.15603246360942,37.00514166861076,36.50933963395234,-4.849109205001341,-4.353307170342916
60.586904961890895,62.253807756303104,62.718406506087774,-1.6669027944122092,-2.1315015441968796
17.422738129872936,17.67127672869075,17.206658099043537,-0.24853859881781304,0.2160800308293993
100.4686208576542,97.5406260100119,98.75171567967871,2.927994847642296,1.716905177975491
28.77152146509229,30.13811617452112,30.978122673833692,-1.3665947094288278,-2.2066012087414
101.58477976786068,100.00165990134718,99.45025020233125,1.5831198665134991,2.1345295655294336
58.68495204478408,61.25911325155073,61.2065604335093,-2.5741612067666466,-2.5216083887252196
31.84470291460405,31.53966000829842,31.16541625855993,0.3050429063056299,0.6792866560441198
51.35270694711616,46.31828050731056,46.51306508036464,5.0344264398056,4.839641866751521
24.819383971688488,20.821310813853934,20.736319197520924,3.998073157834554,4.083064774167564
26.88182298368992,23.4082662938597,24.566298884799217,3.473556689830218,2.3155240988907018
64.97498420895245,60.71098536789725,61.313889388426176,4.263998841055198,3.661094820526273
88.24529961233638,85.85820039293745,86.18988232384794,2.3870992193989338,2.0554172884884423
88.67407703469934,89.41354771531086,91.17466705701936,-0.7394706806115181,-2.5005900223200257
98.55047769080451,95.8685523291733,95.84377265979165,2.6819253616312153,2.7067050310128593
98.60275057317658,95.38100576754118,94.50927972656596,3.221744805635396,4.0934708466106144
41.878940273394925,38.56776304955391,38.1179724996317,3.311177223841014,3.7609677737632268
80.88748627198271,76.88692740417174,76.47760557653669,4.000558867810966,4.40988069544602
82.93524557955983,81.09146662210291,82.00526139856352,1.8437789574569194,0.9299841809963141
22.361268366831105,18.044252817245713,18.061583251404834,4.317015549585392,4.299685115426271
14.999128928964822,15.660409316495219,14.751414080362725,-0.6612803875303968,0.24771484860209725
12.45488556824181,17.497214377363257,17.231801268236666,-5.042328809121447,-4.776915699994856
22.39970337330153,26.02451706108615,26.07258588154004,-3.62481368778462,-3.6728825082385086
31.580099391344163,30.698143830107593,30.898084494937006,0.8819555612365697,0.6820148964071571
101.88612762607865,99.8912188130584,100.2898315569193,1.9949088130202455,1.5962960691593508
63.63351620354958,66.26831401782744,66.17267684569872,-2.634797814277853,-2.5391606421491346
43.75998689704729,42.33554573019831,41.15731344188926,1.424441166848979,2.6026734551580333
70.17331336789078,68.3603829245492,66.40490160739822,1.8129304433415854,3.768411760492569
13.22246573337122,14.540495172061412,13.654105273585314,-1.3180294386901927,-0.43163954021409445
22.90402803215612,24.129916882654843,23.3076238664707,-1.2258888504987233,-0.40359583431457935
57.63030653485406,54.47114194585133,54.83112530166685,3.159164589002728,2.7991812331872055
26.05862512659395,22.175714765576355,22.812552702060838,3.8829103610175935,3.2460724245331107
66.12620229646006,61.325021792415704,60.5980579951599,4.8011805040443605,5.528144301300166
102.79125693414112,100.19331126171723,101.41563270512826,2.59794567242389,1.3756242290128569
59.48403932636644,63.8044544817376,63.278658141470004,-4.320415155371158,-3.7946188151035614
87.1841170567826,89.19230455765074,88.52428361538995,-2.0081875008681465,-1.3401665586073506
38.13759273285152,34.736152689324115,35.19889397657664,3.4014400435274084,2.9386987562748814
25.43630000930716,26.61375086594512,27.080763158896076,-1.177450856637961,-1.6444631495889155
95.59716488970888,99.99048476182865,100.20600082505358,-4.3933198721197755,-4.6088359353447
92.6096690918178,96.63304022112848,95.98518595850244,-4.023371129310675,-3.3755168666846345
38.27596352641595,35.96940632390171,36.56742904442475,2.3065572025142416,1.708534481991201
86.96172806693815,83.51444702322296,84.54769087624554,3.4472810437151935,2.4140371906926106
46.47362878935043,43.97854555118677,44.288257472932656,2.4950832381636587,2.185371316417772
16.867976593826032,18.037699199762173,18.685010370252222,-1.1697226059361405,-1.8170337764261895
13.82679453226819,17.08827488486351,17.503056331453113,-3.261480352595319,-3.676261799184923
31.434772393943657,30.232943737357466,29.5441431409916,1.2018286565861906,1.8906292529520563
21.40942438528677,22.795680027288807,22.363424037762055,-1.3862556420020375,-0.9539996524752858
53.96729434806797,58.673119426060445,58.37127156576972,-4.705825077992472,-4.403977217701744
17.795192532807413,18.881093728707803,19.34867714618139,-1.0859011959003908,-1.5534846133739784
88.86419127350993,85.5644064466126,86.0179583176518,3.299784826897337,2.8462329558581274
73.7693076594999,78.18125567141172,79.08211833952805,-4.411948011911818,-5.31281068002815
90.14848197171602,89.45728816910612,89.51024022327269,0.6911938026099023,0.6382417484433347
21.880011872770357,24.32283277977051,24.610341062576243,-2.4428209070001543,-2.730329189805886
65.06442788094665,65.89602153310555,64.74931779625572,-0.8315936521589009,0.3151100846909287
96.78348758746245,100.22732989800656,100.35558611634865,-3.443842310544113,-3.572098528886201
69.1785288830462,73.55350981850953,72.65468675564992,-4.374980935463327,-3.4761578726037214
48.69294289167357,45.453393726661965,45.53107070437744,3.239549165011603,3.161872187296126
14.745612974667551,14.670000721416244,14.273729622513825,0.07561225325130749,0.4718833521537267
104.17762358246596,100.08643814313888,99.09924512341479,4.091185439327077,5.078378459051166
26.179496990152263,28.577004737331322,27.69597094294443,-2.397507747179059,-1.5164739527921682
76.74349402837139,72.46536787517546,72.34079625346767,4.278126153195927,4.402697774903714
52.02746244111623,50.79781152913763,50.23978215055932,1.2296509119785952,1.7876802905569065
79.40644727159537,76.51682144587801,76.50427486306153,2.88962582571736,2.9021724085338434
16.58276260349144,20.536950609540312,21.615881843306106,-3.9541880060488737,-5.033119239814667
24.92404681052836,27.887553635283005,28.342287693155413,-2.9635068247546457,-3.418240882627053
26.253034032788197,31.228602278541658,31.29954088370996,-4.975568245753461,-5.046506850921762
61.10674008366125,64.98484036026375,65.66820858803726,-3.8781002766024955,-4.561468504376009
69.96453559697963,70.92707269686521,69.94325371462784,-0.96253709988558,0.021281882351786408
44.59832175619511,44.730291781241746,44.66730282156258,-0.13197002504663402,-0.06898106536746695
48.94031584868668,45.21420230592484,45.293603697965594,3.726113542761837,3.6467121507210862
36.48447119475368,38.54129187629536,38.0926853215317,-2.05682068154168,-1.608214126778016
24.960558061859423,23.69417534521853,23.795959461148485,1.2663827166408943,1.1645986007109386
58.37068246779809,55.192395718344436,55.14185170342879,3.1782867494536546,3.228830764369299
64.70493618194632,59.8454939010481,59.529755565756304,4.859442280898222,5.175180616190019
16.24307200649617,14.752181387879958,14.301692778479206,1.4908906186162127,1.9413792280169648
102.58672849147143,97.88243790858598,98.19064887065218,4.704290582885449,4.3960796208192505
24.91857679257471,20.69363478145631,21.82006241699165,4.224942011118401,3.0985143755830613
47.6742650114021,50.74130486812571,51.818445842364255,-3.0670398567236106,-4.144180830962156
19.79554631937555,18.550551441800756,19.238244711102947,1.2449948775747934,0.5573016082726028
88.24634551526611,85.91147795138966,84.9271562224833,2.3348675638764576,3.3191892927828093
92.64145889962302,95.15700916049062,94.48602339975997,-2.515550260867599,-1.8445645001369542
87.7164284095526,87.61088179309365,86.60530430673433,0.1055466164589518,1.1111241028182803
50.502330540667714,48.47555514807755,47.754196298576815,2.0267753925901673,2.7481342420908987
83.5333506267524,79.58361104247021,79.11412224775523,3.9497395842821845,4.419228378997161
22.65807750078584,24.749089215974884,24.459952832790403,-2.091011715189044,-1.8018753320045633
22.356846022751995,23.501232278518472,23.938499389257625,-1.1443862557664772,-1.5816533665056305
13.212987305338334,17.53440701899349,17.280130484765014,-4.321419713655157,-4.0671431794266795
95.94353547291804,99.96514997611752,100.02002529130193,-4.021614503199473,-4.076489818383891
16.42661879359448,18.381630791071693,17.81505938069079,-1.9550119974772144,-1.3884405870963121
59.024508573984846,62.7515846496368,61.503649271532076,-3.7270760756519508,-2.47914069754723
46.90970445433866,49.249648173748284,48.95200695194743,-2.339943719409625,-2.042302497608773
64.76721528537031,69.0976964468083,69.70814411790955,-4.330481161437987,-4.940928832539242
20.36848928828772,19.350759715909618,19.1000087529922,1.0177295723781015,1.2684805352955202
30.387917222342463,30.521668754891685,30.700552585144298,-0.13375153254922267,-0.312635362801835
104.13620831984466,100.07501761308248,101.39308270726544,4.061190706762176,2.7431256125792203
35.19448874188978,36.82648261719051,36.223683394552175,-1.6319938753007293,-1.0291946526623974
20.057617559014407,19.992014729774617,19.513229883906128,0.06560282923978988,0.544387675108279
64.871476020489,63.78506857031213,62.440425144040006,1.0864074501768712,2.4310508764489924
100.11265890603704,97.06656693754059,95.85155277578173,3.046091968496455,4.261106130255314
63.67072971085081,59.11041293273877,57.99620281043577,4.560316778112039,5.674526900415039
89.94690269718639,86.45053839062925,85.93485516919947,3.4963643065571404,4.0120475279869225
26.251492611311463,28.89960356033062,29.287041668281148,-2.6481109490191557,-3.0355490569696855
15.030011945171616,18.51095888522289,18.546358749119587,-3.4809469400512754,-3.5163468039479717
24.055690332487387,24.684981213725596,23.41880485976529,-0.6292908812382088,0.6368854727220956
11.924728410735392,16.264379230646547,16.47138289967301,-4.339650819911155,-4.546654488937618
103.09934561058006,99.60662317214874,99.99102222524218,3.492722438431315,3.108323385337883
30.466767120763336,32.39631114609627,32.433843889985646,-1.9295440253329303,-1.9670767692223095
90.20891640633936,85.57005748203511,86.02078435985912,4.638858924304245,4.188132046480234
99.07671089517136,100.21323574071258,99.00034837391378,-1.1365248455412171,0.07636252125757892
17.13945955820231,18.181935668306274,17.811255671530567,-1.0424761101039621,-0.6717961133282557
19.346296111078555,14.78438961642015,14.286199661245606,4.561906494658405,5.060096449832949
95.70913473180067,99.9925440373502,99.91243584518799,-4.283409305549526,-4.203301113387312
14.03524987180763,18.422275870268905,17.829793355889866,-4.387025998461274,-3.7945434840822347
7.735400122850676,10.783835389389921,9.80417552631413,-3.0484352665392453,-2.068775403463455
24.80111597806967,27.141348379065423,26.96597153559506,-2.3402324009957525,-2.1648555575253887
86.61466002124024,90.57690294267775,89.55970139707786,-3.9622429214375074,-2.9450413758376186
43.80815335775112,39.90115325912228,39.5249297700195,3.907000098628835,4.283223587731619
12.280250479622334,15.781244402897435,14.376178464633021,-3.500993923275102,-2.0959279850106878
38.49446441180861,39.18226165843023,38.593462918657266,-0.6877972466216207,-0.09899850684865896
18.60099964344281,20.693370787177834,20.388745368506825,-2.092371143735022,-1.7877457250640134
70.62647460971921,70.98830466959654,70.85144677520721,-0.3618300598773345,-0.2249721654879977
82.63265968225026,87.1859970112477,86.91494738404703,-4.553337328997429,-4.282287701796761
89.9125648915195,88.31053410445546,88.6653774413737,1.602030787064038,1.2471874501457876
25.45538284015006,25.105595481727082,25.046229411719036,0.34978735842297937,0.40915342843102565
94.97961450121949,95.14495080507481,95.59731221350003,-0.1653363038553266,-0.6176977122805454
73.05610465753446,77.6083025017013,78.56050607899597,-4.552197844166841,-5.504401421461509
63.46470739352165,63.232909152124094,61.84072920816548,0.23179824139755567,1.6239781853561723
79.44361318886718,77.98681693351602,77.75694009511139,1.4567962553511506,1.6866730937557861
26.102191263315937,25.372000007540837,25.123932323504054,0.7301912557751002,0.9782589398118837
88.33253307108953,86.47374439594503,86.44796922279805,1.8587886751444955,1.884563848291478
96.26480208363589,96.96290765901351,97.19655782998296,-0.6981055753776246,-0.9317557463470791
23.64585463935089,18.742320755540497,18.629620515273256,4.903533883810393,5.016234124077634
26.022701431457328,21.411128882424983,21.871873614298202,4.611572549032346,4.150827817159126
96.32124310266836,100.00877929057799,99.22470879489529,-3.687536187909629,-2.9034656922269306
87.38947985050582,84.4651249635716,84.944349648975,2.924354886934225,2.445130201530816
36.69688083040292,37.059864064028076,37.1877308778628,-0.36298323362515816,-0.4908500474598796
21.81436912985786,17.91692623258426,18.018919025976047,3.8974428972735993,3.7954501038818123
91.47820533952634,91.4317432108486,90.98012205283636,0.046462128677745795,0.49808328668997603
54.58499954056736,54.263985062848626,54.35185731183803,0.3210144777187338,0.23314222872932788
82.16272457460867,79.18508101091331,77.455614631384,2.9776435636953664,4.70710994322468
102.02352776444307,97.58627706240452,96.95260014964627,4.437250702038554,5.070927614796801
35.11098523109217,31.991999829618212,32.29881305726999,3.11898540147396,2.8121721738221837
70.77267472924814,73.40555812586713,73.25118325504172,-2.6328833966189933,-2.478508525793586
96.06163877582708,100.38019441978678,101.05736616947011,-4.318555643959698,-4.995727393643037
36.88764594259324,41.36593716779484,43.25131149899542,-4.478291225201602,-6.363665556402182
50.60898100719388,55.15595133439968,55.56925227755532,-4.546970327205798,-4.960271270361439
38.07193367695432,40.41003770376503,38.98002336128957,-2.3381040268107043,-0.9080896843352448
97.16232894390993,99.97731904734711,99.83499765999741,-2.8149901034371823,-2.672668716087486
15.404423955589158,19.76299994896845,18.507020658590317,-4.358575993379292,-3.1025967030011596
93.4319330755292,94.18096788865394,94.82660846183391,-0.7490348131247373,-1.394675386304712
23.30745914983025,18.811972987416688,18.34455169528037,4.495486162413563,4.962907454549882
19.145906252441375,20.43152991581274,20.08832690617705,-1.2856236633713642,-0.9424206537356739
65.19347564619024,67.73077196268633,67.57423845186322,-2.5372963164960964,-2.380762805672987
82.29913271834539,82.85032072504134,82.4209504616637,-0.551188006695952,-0.12181774331830297
31.84370597959859,34.02159223871013,35.047920339913546,-2.1778862591115384,-3.204214360314957
29.555749407263203,28.07000689748109,27.016833000083736,1.4857425097821135,2.5389164071794674
14.902209796813064,14.80452773591879,14.70645884388131,0.09768206089427522,0.19575095293175515
75.32204958910123,74.15427236871263,73.78730095563614,1.1677772203886008,1.5347486334650853
45.00212903169193,43.039306210109615,42.79225556604785,1.9628228215823142,2.2098734656440797
28.905976297597483,23.972245072655692,23.575588709434378,4.933731224941791,5.330387588163106
83.79908650369778,83.06181420847241,83.97745015422043,0.7372722952253667,-0.17836365052265535
91.34660656146984,90.98183891198227,91.70876912062693,0.36476764948757534,-0.36216255915708473
64.37612259080568,64.35767373509564,63.90662289885924,0.01844885571003374,0.4694996919464387
91.35906357452816,90.2527147864114,89.93084259053303,1.1063487881167617,1.428220983995132
21.001205019048385,22.359847034811647,22.978281140192625,-1.3586420157632624,-1.9770761211442398
55.83564324553031,53.371958846065375,53.195584697132084,2.4636843994649382,2.6400585483982297
95.18494358515797,91.44482440953406,90.54674550011838,3.740119175623903,4.6381980850395905
40.04477646053218,40.58818436367526,39.66859828819168,-0.5434079031430841,0.3761781723404951
96.07270348025652,94.79984328941745,94.22745358175554,1.2728601908390687,1.845249898500981
20.391271249022708,20.01389911331622,21.586820827472263,0.3773721357064872,-1.1955495784495547
84.37120259885656,84.38766374177466,84.28903943155025,-0.016461142918103633,0.08216316730630524
14.445196485859004,19.537979989525695,18.227214672525417,-5.092783503666691,-3.782018186666413
23.57666469186921,25.488246897983114,25.437834141611738,-1.911582206113902,-1.8611694497425262
84.45342088470247,81.99473052619287,81.5261208868175,2.4586903585095996,2.9272999978849725
92.31725402544808,91.48932827115908,90.14128671517793,0.827925754288998,2.1759673102701527
58.231409679202976,61.65888574053307,61.613425178833715,-3.427476061330097,-3.3820154996307394
59.9957614292062,63.48041553051773,63.25089851490232,-3.484654101311534,-3.25513708569612
51.66244282964595,51.034971613376115,50.64668501001179,0.6274712162698322,1.0157578196341603
19.52845873319463,19.230609198024304,18.75591584624829,0.2978495351703252,0.77254288694634
99.70126963688222,95.11582318840803,95.49227768032826,4.585446448474187,4.208991956553959
15.27293095759726,13.301032970436772,13.138253569523236,1.9718979871604887,2.1346773880740244
67.90349668656806,63.550467272886365,63.95157488345353,4.353029413681696,3.95192180311453
48.919285107789406,51.69857208173743,52.352563318651484,-2.7792869739480253,-3.4332782108620776
30.49135224204036,25.50636001032851,27.016723476486696,4.98499223171185,3.474628765553664
41.55727501022946,39.165380165765455,38.77457159526987,2.391894844464005,2.7827034149595917
68.24188006201665,66.0546991950945,65.62040567238158,2.187180866922148,2.6214743896350683
75.50131324013678,71.70021764605842,70.6828667315262,3.8010955940783617,4.818446508610577
55.57771410391844,53.92147017833072,51.87438717144977,1.6562439255877166,3.70332693246867
40.53922955837887,38.983508265919625,39.71880602776127,1.5557212924592463,0.8204235306176031
69.4839087446464,67.62118819539216,67.70696358257321,1.8627205492542345,1.77694516207319
28.91399578997605,26.75087685714081,26.527316145473478,2.163118932835239,2.3866796445025713
17.800547368326754,13.46460621711121,12.344356454929926,4.335941151215543,5.456190913396828
77.70054560000473,74.61132572719613,75.13265865841349,3.0892198728085987,2.56788694159124
88.58968852434792,84.82524595711746,84.61791409016756,3.7644425672304607,3.971774434180361
28.6526037314105,28.34489422718471,28.631987137942097,0.3077095042257909,0.02061659346840372
53.95991739593747,51.64215245880647,51.206417330615,2.3177649371309954,2.75350006532247
71.22423393843866,72.85807254608397,71.63310761499866,-1.6338386076453162,-0.40887367656000606
27.636446981482944,24.756400874488975,24.2598951579696,2.8800461069939693,3.3765518235133456
36.89377017108851,33.923475667519966,33.71115388024843,2.970294503568546,3.1826162908400804
55.314794187910046,56.65188816046519,57.043249089780566,-1.3370939725551452,-1.7284549018705206
38.42031307377168,34.97981442500013,33.42124157638565,3.440498648771552,4.9990714973860335
98.90822971532307,100.23381867342074,100.6635242071354,-1.3255889580976685,-1.7552944918123217
24.904772286825946,29.322468829703396,30.022387697261184,-4.417696542877451,-5.1176154104352385
16.378047444237055,20.520053834447353,21.06049353796911,-4.142006390210298,-4.682446093732054
53.04613896686429,57.39977982857088,57.779087121013724,-4.353640861706587,-4.732948154149433
56.81241400899905,53.72706250678977,54.78943378400257,3.085351502209278,2.0229802249964806
20.67654668429745,24.691147724488108,24.020146947656144,-4.014601040190659,-3.343600263358695
76.3254738267473,79.86570797931014,80.31285614247179,-3.540234152562846,-3.9873823157244885
67.76111491625387,69.66306109179423,70.81417941245472,-1.9019461755403597,-3.0530644962008466
63.77639902042304,64.66663403688642,62.51641203773391,-0.8902350164633788,1.259986982689135
33.15061213113093,32.55062703170148,33.17924264550729,0.5999850994294462,-0.028630514376359883
74.18775273042299,76.90338985612132,75.711840129286,-2.7156371256983363,-1.524087398863017
64.56753064655057,61.84176905757079,60.92044480464811,2.725761588979779,3.6470858419024523
26.97814113217876,29.259567116210224,28.71253397241656,-2.281425984031465,-1.734392840237799
99.15311450008276,94.94706097960623,95.17656022394347,4.20605352047653,3.9765542761392965
25.11506953301604,24.221777120773112,23.978032471587316,0.8932924122429284,1.1370370614287246
85.91369699444436,87.13268707752793,85.9244848719074,-1.2189900830835683,-0.010787877463030782
85.47319358356228,80.67691918525581,81.01757687203086,4.7962743983064655,4.45561671153142
19.339046945170736,20.5213297787923,21.76606708563453,-1.1822828336215636,-2.4270201404637923
90.51014119758572,88.12909617970624,88.42851898469435,2.3810450178794866,2.081622212891375
80.6221853789808,79.81844750682443,80.48676113812769,0.8037378721563755,0.1354242408531121
25.96636052609243,21.314624810268256,21.302045825829236,4.651735715824174,4.664314700263194
37.3709121288184,36.113715381411424,35.94299950360712,1.2571967474069723,1.4279126252112775
22.548104956815884,26.96099721494081,27.27008103312154,-4.412892258124927,-4.721976076305655
67.8021371316817,63.764159854796766,63.327497375067615,4.037977276884938,4.4746397566140885
104.8441184918374,100.12192174727429,100.66099058901065,4.722196744563121,4.1831279028267545
100.11048258385443,100.04775558066174,99.04399175873165,0.0627270031926912,1.0664908251227843
32.849642774402334,28.83847951228506,28.91766527714858,4.011163262117275,3.9319774972537544
43.14559803366786,41.82152471364656,41.64730483149719,1.3240733200212986,1.4982932021706716
63.24381778996983,66.03044518907528,67.9645995722281,-2.7866273991054484,-4.720781782258264
89.18337816016397,90.60012074015427,92.0042864163419,-1.4167425799902986,-2.8209082561779297
68.7480627826615,72.07654088689891,71.92303950217892,-3.328478104237405,-3.1749767195174172
25.018680900234735,28.800910514485132,28.77355254192733,-3.7822296142503973,-3.7548716416925956
78.6827840765896,76.9747172631014,76.5356421289504,1.7080668134882018,2.1471419476391986
28.333534206818054,26.96539074586705,26.28615103993751,1.3681434609510035,2.047383166880543
50.67200344964212,47.96598881612695,47.6810469651457,2.706014633515167,2.9909564844964223
86.31990534613382,87.68734592585676,87.02508024067191,-1.3674405797229383,-0.7051748945380893
92.78546668148668,93.89374740882587,93.40307196893251,-1.1082807273391921,-0.6176052874458264
71.13264001781046,74.10998227974183,74.99710746949327,-2.977342261931369,-3.8644674516828132
60.82683154094634,63.46630814580458,64.04923405268853,-2.6394766048582454,-3.222402511742196
27.50604416484735,26.346860809794588,25.3028513775276,1.159183355052761,2.2031927873197503
25.002331375045813,26.424775921983105,27.046082878692957,-1.4224445469372924,-2.043751503647144
73.74477189638051,70.37402407788296,70.98266906803356,3.3707478184975486,2.762102828346954
23.50881201525706,23.62693708367148,24.469758588100273,-0.11812506841441817,-0.9609465728432127
92.45894198541885,96.84089910365503,94.78866493867397,-4.381957118236187,-2.3297229532551285
79.26712886366747,83.8141639304989,83.04403537755174,-4.547035066831441,-3.7769065138842706
30.676192725337103,29.754649995008915,28.296573707989946,0.9215427303281878,2.3796190173471565
24.23689703275556,22.059497782678704,22.66553109592374,2.1773992500768564,1.5713659368318211
26.767583103137728,22.720716943578793,22.853210931407215,4.046866159558935,3.9143721717305127
102.39563817979251,97.97967046283662,98.47659026302928,4.41596771695589,3.9190479167632333
73.30129801297505,70.38571213379151,70.14429403065438,2.9155858791835385,3.157003982320674
35.13258497046218,33.12835332205928,32.12216224105693,2.0042316484029,3.0104227294052563
39.17878300564996,43.38576025695488,42.17207663707207,-4.20697725130492,-2.9932936314221052
18.054063426988435,21.16306243810844,20.978439467862582,-3.108999011120005,-2.9243760408741473
29.588212612786315,26.496113063299383,27.305126390017726,3.0920995494869317,2.2830862227685884
59.87598925118012,64.11348581043652,64.35162827986497,-4.2374965592563925,-4.475639028684846
94.41759865340347,94.27555549924577,94.1580933237422,0.14204315415770452,0.25950532966128037
98.78368453225131,94.61981526040728,95.19438951414747,4.163869271844035,3.58929501810384
24.92524603327908,28.623383936408022,29.703065833382126,-3.6981379031289414,-4.777819800103046
95.41905316244645,98.45325207584045,98.3093298351151,-3.0341989133940075,-2.890276672668648
50.8239482079666,47.232627225384874,46.965886835485456,3.5913209825817276,3.8580613724811457
70.32716431315117,68.68335545480365,68.73542415601405,1.6438088583475263,1.5917401571371244
12.972806387875677,17.24562806667779,17.723033800322636,-4.272821678802112,-4.750227412446959
87.45129766146775,82.6611598069768,81.00177211410012,4.7901378544909505,6.449525547367628
94.19740648907803,91.24565535220916,91.33862596342838,2.9517511368688787,2.8587805256496495
82.65658228168333,81.31847376746394,81.17767686141187,1.3381085142193854,1.4789054202714595
70.61375035087663,66.57520881084743,66.89658812901008,4.0385415400292,3.7171622218665448
29.54185135515861,27.5339676378207,26.53195799938392,2.007883717337908,3.0098933557746896
42.13935161297355,42.33739406220138,41.67006799186577,-0.19804244922783454,0.46928362110777755
35.8693844105164,35.83284714019213,35.637039470947386,0.03653727032427412,0.23234493956901758
97.68575353794606,100.04733888700456,100.54457677805985,-2.361585349058501,-2.858823240113793
95.0467248872642,96.97394769076253,96.7188066164301,-1.9272228034983243,-1.672081729165896
24.7922313163696,28.91862174363199,28.73887672553747,-4.12639042726239,-3.9466454091678678
87.78890497814308,86.35160214943502,86.72510799865944,1.4373028287080558,1.0637969794836408
72.04243417300472,67.37901303335441,66.95492262425853,4.6634211396503105,5.087511548746193
90.1027792161914,89.78786308359953,91.53794406635518,0.31491613259186124,-1.4351648501637868
46.45982254138492,49.25136672468412,49.845614039291014,-2.7915441832991945,-3.385791497906091
53.14478021807683,54.63412509637143,54.24863144004679,-1.4893448782945953,-1.1038512219699612
74.34615344275416,74.11981645550833,74.35085021624289,0.22633698724582985,-0.004696773488731765
79.45366157401605,80.49219295695124,81.8988576144899,-1.03853138293519,-2.4451960404738458
64.65715797407256,65.67771145181003,64.73385630079284,-1.0205534777374652,-0.0766983267202761
82.2964855742914,83.53859734584186,84.57450100624327,-1.2421117715504693,-2.2780154319518715
44.372807583113016,42.36273118603849,41.74542050238811,2.0100763970745277,2.6273870807249082
30.350245105618992,27.840339807059635,27.551873159740826,2.5099052985593566,2.7983719458781664
44.69771434870157,48.22709030686717,48.33712616329253,-3.529375958165602,-3.6394118145909644
54.85599636381794,55.16706845019614,54.13701954575409,-0.3110720863782035,0.7189768180638438
16.821042198773984,15.059433502003209,13.489106888236135,1.7616086967707751,3.3319353105378493
55.42219294228735,56.08962561311179,55.78449199636406,-0.6674326708244394,-0.3622990540767077
34.041581001576574,32.15118062712972,30.924084716779277,1.8904003744468554,3.117496284797298
26.87223669277673,24.83523720703482,24.98917341403996,2.0369994857419123,1.8830632787367705
36.32499537216752,32.02628898169172,32.07635937872772,4.2987063904758,4.248635993439798
102.27900729663388,99.43677055000364,99.37820145412026,2.8422367466302347,2.90080584251362
69.92674926281863,74.06946581080263,73.69501999792982,-4.142716547983994,-3.7682707351111873
43.57704457204419,44.20800969142405,44.91327667466755,-0.6309651193798658,-1.336232102623363
60.52531786636782,62.94215945526542,63.26314491070066,-2.416841588897597,-2.737827044332839
82.74922879490066,84.50591056082622,84.70513608478208,-1.7566817659255634,-1.9559072898814236
58.851799203250806,56.228595716384596,56.465286237478686,2.6232034868662097,2.38651296577212
41.16013792874959,36.433475912705006,35.56260272683732,4.726662016044585,5.597535201912272
25.24218027735144,25.318630985772664,24.452113060055176,-0.07645070842122337,0.7900672172962651
28.448999875051825,32.310451545156,32.001411161649585,-3.8614516701041737,-3.55241128659776
9.495018459841312,13.912363425478205,13.215796885075642,-4.417344965636893,-3.7207784252343306
52.458656595719454,54.1286127757232,52.59491736471673,-1.6699561800037444,-0.1362607689972748
79.40820448473859,82.05703415285728,81.75163314304315,-2.648829668118694,-2.3434286583045605
24.58695363087888,21.9243560572273,21.19223183172557,2.6625975736515812,3.3947217991533094
24.52302153090105,24.66679756908602,24.82027897435769,-0.14377603818497064,-0.2972574434566404
12.486431028472651,16.362145804227723,16.24185143440483,-3.875714775755071,-3.7554204059321776
54.20516116791256,54.76983953217889,53.53341117477047,-0.5646783642663351,0.671749993142086
89.59776902622612,86.79834897381791,88.26059875863473,2.799420052408209,1.3371702675913895
34.400549648015755,30.573896306709116,29.830605456349044,3.8266533413066384,4.5699441916667105
88.34670682049237,87.89994027248018,87.63815666974911,0.4467665480121923,0.7085501507432639
38.67116559476377,37.01167301262156,36.94406807650639,1.6594925821422137,1.7270975182573807
52.03271143862965,54.56295085007748,54.21285638193302,-2.5302394114478304,-2.1801449433033753
92.56510429504768,96.27355694878867,94.97907086888476,-3.7084526537409914,-2.4139665738370866
67.53973062325609,69.83523618684875,69.31819556692275,-2.2955055635926556,-1.7784649436666626
69.08537626225453,73.55693317437395,74.30387227079656,-4.471556912119425,-5.218496008542033
99.54770629259028,97.19924320614757,96.62079250235838,2.348463086442706,2.926913790231893
98.78847464850556,100.15114937604002,100.2618248358586,-1.3626747275344684,-1.4733501873530486
76.88637472620134,77.2172713119771,78.19024513306718,-0.3308965857757613,-1.3038704068658404
64.99932646471508,62.80901288416788,64.63336775357577,2.1903135805472047,0.36595871113931366
74.33650116972963,76.99017906337045,77.50744003787764,-2.6536778936408183,-3.1709388681480135
48.13316751086252,52.97071905959704,52.46512404089446,-4.837551548734517,-4.331956530031938
76.28111775591529,78.60700780380304,78.19733885778795,-2.3258900478877536,-1.9162211018726651
16.301697163658805,19.96067011631289,18.78434183383774,-3.6589729526540857,-2.482644670178935
35.58635720035056,31.945289972391674,31.039288295002358,3.6410672279588887,4.547068905348205
68.63589202827987,70.36322865059488,69.96255799331612,-1.7273366223150077,-1.3266659650362556
81.39325538807716,77.71054557493645,77.9437202721624,3.6827098131407183,3.4495351159147702
27.057774121722574,26.50265884842901,26.763008531916952,0.5551152732935627,0.2947655898056212
75.54659571734388,76.13019484609801,75.74339592539904,-0.5835991287541304,-0.19680020805516563
70.12975618586313,67.89970158669942,65.69690874813197,2.230054599163708,4.432847437731155
68.32344533190745,72.57897255248207,73.0993488772157,-4.255527220574621,-4.775903545308253
44.332473425447134,40.97043300146203,39.785754085931615,3.362040423985107,4.546719339515519
37.60831022273455,35.1844965259939,33.72457787678914,2.423813696740652,3.883732345945411
24.76623982753707,23.57410177710397,25.12494789442217,1.1921380504331012,-0.35870806688510015
45.65194786244256,44.82614073203499,45.60712013710457,0.8258071304075685,0.04482772533798851
69.53648522686015,70.81109754082485,69.48661725602565,-1.2746123139646954,0.04986797083449801
55.57613724848048,59.44394061229005,58.87503762709979,-3.8678033638095712,-3.298900378619315
19.879550319781217,23.92892240852766,22.996376313438894,-4.049372088746445,-3.1168259936576774
17.162505572682754,19.526671136240125,19.59156657844413,-2.3641655635573713,-2.429061005761376
97.90792473474696,99.99057327755261,99.13090387706994,-2.082648542805657,-1.222979142322984
81.84253693559802,76.76849494631976,75.97316717512534,5.074041989278257,5.869369760472679
45.16103671706212,45.49143095151747,45.24429034079678,-0.33039423445535476,-0.08325362373466305
64.39410240290994,67.07938960907656,66.40487296436065,-2.6852872061666204,-2.0107705614507125
84.61502064862171,88.65251271304368,88.10752183195498,-4.0374920644219685,-3.4925011833332746
42.56073701427787,47.36661783569882,48.0682083689718,-4.805880821420949,-5.507471354693934
70.20292644277094,70.14202697222888,69.73218549170221,0.06089947054206846,0.47074095106873415
25.516589431127613,21.209375136906658,21.872641314371627,4.307214294220955,3.643948116755986
61.324621973043904,59.76724574326372,60.984791137528916,1.557376229780182,0.33983083551498794
92.47673132112078,94.6981343508856,96.13473656811313,-2.221403029764815,-3.658005246992346
95.47368958960568,97.94766456059915,98.03772207992861,-2.473974970993467,-2.56403249032293
98.37474695036671,100.0797461586919,100.9463148431095,-1.7049992083251908,-2.5715678927427916
18.81480784792737,17.615429418573136,17.089110796830003,1.1993784293542333,1.7256970510973666
28.03372693886535,23.762324576996765,23.407406541303367,4.271402361868585,4.626320397561983
34.43775553241394,35.904734897792295,37.072140937733984,-1.4669793653783572,-2.634385405320046
40.66387644261125,37.00733881915649,37.69921202579012,3.65653762345476,2.9646644168211296
95.90465540502572,100.11995724692113,99.88554773538596,-4.2153018418954105,-3.980892330360234
76.70633731338829,75.6427198559028,77.32983792789051,1.063617457485492,-0.6235006145022197
52.19622769692696,56.30245655442036,55.898785155517515,-4.106228857493399,-3.7025574585905545
69.86115378956376,68.75590287210595,69.51474042562458,1.1052509174578091,0.34641336393917754
38.24091213116377,42.55537930796226,42.2365466214188,-4.314467176798495,-3.9956344902550356
48.02766368893296,50.868911040921205,51.354343829476264,-2.841247351988244,-3.326680140543303
21.88615673042697,19.09881269454759,18.83993067554297,2.7873440358793786,3.0462260548839986
30.45161227428964,27.65788536956318,27.653599680133453,2.793726904726462,2.7980125941561873
40.62566332592179,35.62479876590815,36.55490045923385,5.000864560013639,4.070762866687943
25.42923446948499,26.739444004546826,27.094401958877146,-1.310209535061837,-1.6651674893921573
89.62028315579519,89.67611132879104,90.70695870645496,-0.05582817299584519,-1.0866755506597627
27.36592863737897,23.183194400867624,24.295796519882348,4.182734236511347,3.070132117496623
11.05970226078157,14.995428106882905,14.059320515623801,-3.9357258461013345,-2.9996182548422308
103.79462693511891,100.03136162978223,99.19096042457998,3.763265305336688,4.603666510538929
17.5941077180265,19.452295885499893,18.69689524629861,-1.8581881674733935,-1.1027875282721098
25.38513753748845,20.87066142889551,20.90107739525339,4.514476108592941,4.484060142235059
87.09637230664285,86.75983969610013,87.48353206339998,0.33653261054271866,-0.38715975675712855
70.42830947379748,69.76391479867954,69.75003623441988,0.664394675117947,0.678273239377603
56.04218789864132,57.96488079160457,59.15637409095365,-1.9226928929632479,-3.1141861923123244
40.680921287636174,44.753122278359356,45.691342834002505,-4.072200990723182,-5.010421546366331
97.20691032839056,100.15088557698817,101.10970978698357,-2.94397524859761,-3.902799458593009
30.804904657407835,28.635367589200804,29.0750299357404,2.169537068207031,1.7298747216674357
66.36586533558238,70.01182372539269,69.80337440127076,-3.6459583898103034,-3.437509065688374
64.00581970573273,67.19068058076483,66.3221538923799,-3.1848608750321006,-2.3163341866471683
19.182465323697254,18.12437351707021,18.22586714346397,1.0580918066270435,0.9565981802332857
21.685082931619863,25.686728121404553,24.14167175379092,-4.001645189784689,-2.4565888221710566
15.711806473228144,15.847614734873133,13.604272090898096,-0.13580826164498916,2.107534382330048
71.98182534714462,68.80372653343524,69.02548541765145,3.178098813709383,2.9563399294931685
39.12900336005882,37.91000134030821,38.297196538662966,1.2190020197506044,0.8318068213958512
53.02420595564615,50.62721252634526,49.49960869377083,2.396993429300892,3.5245972618753214
26.159777399078564,24.461713580675454,24.071105090517857,1.69806381840311,2.0886723085607066
14.80141857240106,11.141217123306113,11.153269674156618,3.660201449094947,3.6481488982444414
64.02751922339037,67.14253358975411,66.98953157692651,-3.115014366363738,-2.9620123535361387
48.454567235692856,46.90723240900372,45.91966851749767,1.5473348266891378,2.534898718195187
28.184730117944756,26.215073511073154,24.92610594478747,1.9696566068716024,3.258624173157287
49.29552924476849,49.035400479829455,48.651698298895575,0.2601287649390329,0.6438309458729137
73.11897838006931,71.17011486730092,70.33312341907921,1.9488635127683835,2.7858549609900933
48.106710074154414,52.20125565121454,52.38708268172162,-4.094545577060124,-4.280372607567209
84.44852124974244,83.8029780585691,84.06557404138749,0.6455431911733456,0.382947208354949
67.80930483338821,72.51853304557154,72.96468979767374,-4.7092282121833335,-5.155384964285531
86.17785530938743,83.23198374537542,84.57769877232592,2.945871564012009,1.6001565370615083
52.42802370630084,51.88920009182444,51.74959144705103,0.5388236144763994,0.67843225924981
55.730992338416186,52.06234940187599,51.81664369703036,3.668642936540195,3.9143486413858284
19.566863342561685,17.992432497635477,16.828204317126556,1.5744308449262086,2.7386590254351297
34.81271035629875,36.34134480473901,36.936269230958935,-1.5286344484402576,-2.1235588746601834
25.1462733848188,20.264995960980613,21.41072446775908,4.881277423838188,3.7355489170597203
96.51345674078642,94.70703472085312,95.02078691019786,1.8064220199333079,1.492669830588568
73.03211267182837,74.61505518838737,75.05712280985222,-1.582942516559001,-2.0250101380238448
48.73595630652791,45.19780929840205,44.778984481353554,3.5381470081258612,3.9569718251743566
23.309098661159425,23.978394593026394,24.883520359299574,-0.6692959318669693,-1.5744216981401493
79.27628714416933,82.44965670312092,81.56847436840496,-3.173369558951592,-2.292187224235633
34.286124924661515,29.59819344575377,28.900534358115102,4.687931478907746,5.385590566546412
103.09550466329884,99.99778773195908,100.2513476974144,3.097716931339761,2.8441569658844372
70.72213513110052,67.7725329104045,66.84754389760461,2.949602220696022,3.874591233495906
75.66495736741763,74.32424213463275,73.09150519113469,1.3407152327848735,2.5734521762829417
99.0094657761228,100.09099181748113,100.11056413801005,-1.0815260413583303,-1.101098361887253
96.9425972710115,100.10036260099841,100.12450254876809,-3.1577653299869155,-3.1819052777565986
63.31398961310076,65.15515014714168,66.11919529128963,-1.8411605340409238,-2.8052056781888695
44.322678616834544,40.96535855284597,42.48054511115563,3.357320063988574,1.842133505678916
93.65183970044772,94.42088401866448,94.98164030810831,-0.769044318216757,-1.3298006076605873
83.49364497194945,80.00416564698445,80.70406942528486,3.4894793249650036,2.7895755466645937
58.034707768368506,56.821244554446245,57.4415134938891,1.2134632139222603,0.5931942744794085
49.495052794967485,44.66247858407453,44.51979263471029,4.8325742108929575,4.975260160257193
64.35793606002419,61.06835640292963,62.4285647452396,3.2895796570945564,1.9293713147845892
16.34696390685319,16.24325545933938,16.185300482594702,0.10370844751381014,0.16166342425848867
103.3619144033702,98.99798778106327,99.00692259649824,4.363926622306934,4.354991806871965
24.181490485713155,21.159152930970237,21.037802915772435,3.0223375547429185,3.1436875699407203
35.87499086034329,34.540273524846356,34.542732549512934,1.3347173354969328,1.3322583108303547
77.16627456851643,72.32342181282762,71.80425248887848,4.84285275568881,5.362022079637953
81.34614941471568,79.57648466197705,78.68417625252893,1.7696647527386347,2.6619731621867544
56.41542496239089,55.174691518525925,55.276410326551606,1.2407334438649613,1.1390146358392812
68.1879837562359,66.1661824349973,67.81176475765825,2.0218013212385983,0.37621899857764163
82.32984647893261,84.14633901315345,83.62776371391266,-1.816492534220842,-1.2979172349800479
59.68071162086021,62.30553273503651,64.24583698587543,-2.6248211141762994,-4.56512536501522
26.119630577366056,30.878526054788455,31.69009392530687,-4.758895477422399,-5.570463347940812
53.00169913267371,57.14503481404507,57.36166340346384,-4.1433356813713615,-4.35996427079013
37.72243886433499,40.80065923525626,39.8053421783552,-3.0782203709212723,-2.082903314020207
35.96209242442431,34.430236113714884,35.673085005778624,1.5318563107094292,0.2890074186456886
77.18077076055556,78.04269561457775,77.61637779566976,-0.8619248540221918,-0.4356070351142023
25.745773068577,26.87157255043155,27.171439616966673,-1.1257994818545498,-1.425666548389671
12.251598513056114,14.256099347489851,13.44050615462333,-2.0045008344337365,-1.1889076415672157
28.35708831775761,31.34719923125924,31.933494931006084,-2.9901109135016277,-3.576406613248473
18.622364263645352,20.307961599424267,21.0699737893047,-1.6855973357789154,-2.447609525659349
72.34670034000332,68.08877002036263,68.13274150263138,4.257930319640693,4.213958837371948
98.32582446511564,99.71864410201545,99.41231621276575,-1.3928196368998016,-1.0864917476501006
30.49856031050383,30.310851850357974,30.377843520928554,0.1877084601458563,0.1207167895752761
34.94311081087917,38.71366228860734,38.24943271782683,-3.7705514777281692,-3.306321906947659
33.36093073144534,31.24206646554091,31.346971464391004,2.1188642659044348,2.0139592670543394
89.70537961351414,92.61708925124357,91.81446706588538,-2.9117096377294303,-2.1090874523712415
18.76332371336036,19.638386498656985,19.983086099742895,-0.875062785296624,-1.2197623863825342
12.07869937348818,16.672179642589526,16.7074170627336,-4.593480269101347,-4.628717689245422
15.512668161918512,17.810216120072198,18.66177539242425,-2.297547958153686,-3.149107230505738
66.53733807179213,64.05818376544923,64.73499513977069,2.479154306342906,1.8023429320214461
92.51025450892196,96.22111239344886,95.88131842190558,-3.7108578845269022,-3.3710639129836153
35.70371062494682,37.69271168584987,38.144698736530934,-1.9890010609030497,-2.4409881115841117
17.590207509202518,17.771690686513843,17.173912953039263,-0.1814831773113248,0.4162945561632547
23.717727218153392,23.867886588439564,23.928258304504826,-0.15015937028617188,-0.21053108635143403
27.548278159483203,29.416034244819198,29.920730198027016,-1.8677560853359942,-2.3724520385438126
76.29509491089115,77.13588845661056,77.08424239345187,-0.8407935457194071,-0.7891474825607219
98.65385639130976,100.17002593407105,101.75674934852437,-1.5161695427612898,-3.102892957214607
44.86333231471357,43.48312233719634,43.254960713235754,1.3802099775172252,1.6083716014778133
74.54789852621,77.42084092992916,76.5466175583406,-2.8729424037191507,-1.9987190321305945
24.16158957974525,27.34302242386239,27.59069973852308,-3.18143284411714,-3.4291101587778314
99.43158607124516,100.018936552497,98.95604432326972,-0.587350481251832,0.47554174797544135
53.741086462299535,50.12702701846322,52.6089002600762,3.614059443836318,1.1321862022233375
79.36221138255948,83.84927468955574,84.74353973636885,-4.487063306996262,-5.381328353809366
33.8855435809832,36.35884265912593,36.80219936096865,-2.4732990781427304,-2.9166557799854473
10.560413583691396,14.773717253509304,14.612656907077524,-4.213303669817908,-4.0522433233861275
15.783657028513389,14.609483711998948,14.877965690741789,1.174173316514441,0.9056913377716
96.73961314420872,99.40203525334783,100.24037320288353,-2.662422109139115,-3.500760058674814
25.38702067058129,26.845717116988478,27.1036384108729,-1.4586964464071883,-1.7166177402916105
89.1547992188417,87.2645370073686,89.05910842474086,1.8902622114731003,0.09569079410084669
94.0247693788708,95.19060907222527,95.40182549574762,-1.1658396933544708,-1.3770561168768154
21.7659765661054,18.23624902413129,17.32681162300508,3.529727541974111,4.4391649431003195
19.80226270793852,22.1549794114382,21.56166958148373,-2.3527167034996808,-1.7594068735452097
100.57265156377846,99.9698835084778,99.3153122040077,0.6027680553006576,1.2573393597707678
79.55785113785585,78.33698804203685,78.85299969588189,1.2208630958189985,0.7048514419739575
53.54818316232795,54.17752481402638,54.688520935660655,-0.6293416516984252,-1.1403377733327034
51.9451782773778,48.712006352566945,48.39336255621315,3.233171924810854,3.551815721164651
104.31790803984715,99.87431844087615,99.23589579026756,4.443589598971002,5.082012249579591
92.27957718913729,88.64113949231972,87.73772696516394,3.6384376968175616,4.541850223973341
27.35840973800505,32.36019006616566,32.26503945521283,-5.001780328160606,-4.906629717207778
68.00646884447485,69.99879718564122,69.41603594151826,-1.9923283411663704,-1.409567097043407
23.706938089129984,24.37812267301808,24.85892632185482,-0.6711845838880954,-1.151988232724836
92.23179809557529,88.30385518298502,87.71949920919587,3.927942912590268,4.512298886379412
14.220308725623552,13.810047524328567,14.013393420557495,0.41026120129498445,0.20691530506605638
89.7413505728182,85.43673043320342,86.28372669283699,4.304620139614784,3.457623879981213
19.86689113731035,17.228940678833553,16.762973361669477,2.637950458476798,3.1039177756408733
37.90037747257988,38.98348940216433,39.8551619820435,-1.0831119295844474,-1.9547845094636145
61.21107063774701,65.6645253114341,65.72172150943179,-4.453454673687098,-4.510650871684781
28.319840684771112,25.98163684280542,24.3130462381724,2.3382038419656936,4.006794446598711
29.8190640712132,32.61624505645433,31.681450407821,-2.7971809852411305,-1.8623863366077984
30.674117959835765,26.70115654962035,27.325708598365328,3.972961410215415,3.3484093614704378
40.72536698994392,38.29649211872074,37.870489869310525,2.4288748712231794,2.8548771206333967
96.43674016430444,100.09641856892502,99.99707633927159,-3.6596784046205784,-3.560336174967148
72.97535563050548,71.97559327226969,71.47166314235047,0.9997623582357846,1.5036924881550107
21.011574363232405,16.511213539320295,17.799534943880786,4.500360823912111,3.212039419351619
48.0550084051314,49.42875003198378,48.74729672699822,-1.3737416268523788,-0.692288321866819
103.05343597548712,100.013557062731,99.36365531302636,3.039878912756123,3.6897806624607625
53.56180119089266,56.80715923600088,56.56957191966167,-3.245358045108219,-3.0077707287690103
16.101634540088497,19.025391452153308,19.594833166611394,-2.9237569120648104,-3.493198626522897
102.2716255444524,99.96141423359629,100.23769753046494,2.3102113108561184,2.033928013987463
44.15803854400826,45.66855957316766,45.63692850506361,-1.5105210291594062,-1.4788899610553514
55.49426448461473,51.98910041745472,51.91636499615625,3.5051640671600097,3.5778994884584847
26.995521079916035,23.643182266437005,23.062655422171186,3.3523388134790295,3.9328656577448484
26.45833653597892,30.096609927865018,29.1458621986275,-3.6382733918860986,-2.687525662648582
13.635841030136302,14.593540544165066,15.423903950453424,-0.9576995140287643,-1.788062920317122
19.111014901472075,15.29306891055321,13.415963795687642,3.817945990918865,5.695051105784433
88.84695751687705,92.21704067874501,91.6435384772106,-3.370083161867953,-2.796580960333543
64.79631915653499,64.0946504131076,63.34213539011746,0.7016687434273905,1.454183766417529
27.031483471671045,23.928419109919638,23.955911281696537,3.1030643617514073,3.0755721899745083
85.7112829236848,85.25967794891801,85.05294628596758,0.45160497476679495,0.6583366377172268
98.90037647927292,100.23484288342773,100.14912867396706,-1.33446640415481,-1.2487521946941342
46.52862253705713,47.29156749188439,46.91131890632694,-0.7629449548272618,-0.38269636926980866
95.78256821304844,95.39944648256758,96.81855335387517,0.38312173048085185,-1.0359851408267389
77.52949662615892,74.70906094416522,75.57110185649371,2.8204356819937004,1.9583947696652046
62.47059380027192,57.64507699226907,57.27418921177835,4.8255168080028525,5.1964045884935715
95.69580420325288,93.90514667360574,93.81071382060969,1.7906575296471345,1.8850903826431846
59.490529312839584,60.896103254187715,61.08409323012881,-1.4055739413481305,-1.5935639172892238
34.93555717671563,37.532068567418456,37.672381790360575,-2.5965113907028226,-2.7368246136449415
35.27049738036914,32.385245723775824,34.669345723175525,2.8852516565933186,0.6011516571936184
102.12333420956426,99.99317938035362,98.7782612869717,2.130154829210639,3.345072922592564
46.23852748088532,48.01712239105263,47.55786371384267,-1.778594910167314,-1.3193362329573546
29.758337806138517,33.720073271648985,33.33328336340012,-3.9617354655104684,-3.5749455572616036
84.42771526650449,83.13416976779769,84.11037274995773,1.2935454987068056,0.31734251654675916
75.07313110225728,73.28576937148087,72.29093255549543,1.7873617307764107,2.7821985467618475
98.48463332672766,100.29402301840554,99.73142576037014,-1.8093896916778789,-1.246792433642483
25.683708934934398,30.494143325215795,28.758071913402784,-4.810434390281397,-3.074362978468386
41.300292818126735,38.53738846595257,38.189197275698355,2.762904352174168,3.11109554242838
27.248064517375447,26.831296486120692,25.839508436421315,0.4167680312547546,1.4085560809541313
91.684334548671,92.94724103722899,92.92923322037156,-1.262906488557988,-1.244898671700554
28.01303440026246,30.993489019408326,31.051218295868885,-2.980454619145867,-3.0381838956064264
89.0556604651788,93.40688776263877,94.787373913652,-4.351227297459971,-5.731713448473201
51.02448932073304,50.47117188406088,51.0665690127155,0.5533174366721596,-0.0420796919824582
43.69944063906504,44.32693282519114,44.519731075817056,-0.6274921861261049,-0.8202904367520176
32.7557422988901,29.862276571083626,29.872339312913812,2.893465727806472,2.8834029859762857
101.59422266015676,98.02345114475085,97.55918594280256,3.5707715154059088,4.0350367173542026
55.79417463241866,57.027482393180755,57.2465924886181,-1.233307760762095,-1.452417856199439
61.28858944037559,59.697594962264475,59.21269250119265,1.5909944781111136,2.0758969391829396
24.87591700085845,27.298355325872244,27.526112139053133,-2.4224383250137933,-2.6501951381946824
31.427277446242243,32.954966796437375,32.11966680410053,-1.527689350195132,-0.6923893578582891
99.5383493964964,94.87174189001092,95.2720788749796,4.666607506485477,4.266270521516802
86.39954895833552,81.830879792768,82.02417117661908,4.568669165567513,4.375377781716438
42.32741349979987,40.90821193661944,43.50815884892667,1.4192015631804296,-1.180745349126802
13.210638193721037,15.924813984085127,15.279784188629186,-2.7141757903640897,-2.0691459949081494
54.01786417950275,49.66520558935706,49.037367437232014,4.352658590145694,4.980496742270738
89.00074778565566,84.22607131657833,84.3900770753662,4.774676469077335,4.610670710289469
83.81067496834757,80.60009534030135,81.3407895917295,3.2105796280462187,2.469885376618066
37.45745958855817,36.47450548340015,35.7306230600642,0.9829541051580222,1.7268365284939762
75.14079220826855,74.27592587915774,74.6102784113286,0.8648663291108107,0.5305137969399567
27.623162970769755,23.294448042160283,23.700657897318187,4.328714928609472,3.9225050734515676
12.457919871990985,11.263889398552685,11.228140853388254,1.1940304734382998,1.2297790186027306
57.774111530156446,62.17648057725456,63.22747974111175,-4.402369047098112,-5.453368210955304
60.73671308520446,60.91621442006198,60.74876357663875,-0.17950133485752673,-0.012050491434294486
24.139065131334604,26.69571203421604,27.253343726806648,-2.556646902881436,-3.1142785954720438
64.56216239159501,65.17049648683606,65.2409429602162,-0.6083340952410481,-0.6787805686211925
32.599480306075776,28.734968895105197,28.789646252187666,3.8645114109705787,3.8098340538881104
20.847452325182232,19.206365910209605,18.210114579180818,1.6410864149726265,2.637337746001414
28.520531139296704,26.14819415412861,24.606222201857825,2.3723369851680935,3.9143089374388786
26.18712715787396,21.614251690169425,22.30533938671221,4.5728754677045345,3.8817877711617506
96.97514456695318,100.01826742567917,100.12874609335924,-3.0431228587259938,-3.1536015264060637
96.31728773454562,100.01915152963763,101.66277311643806,-3.7018637950920095,-5.345485381892445
61.69424119031897,59.16945481859585,57.85835989430412,2.524786371723117,3.835881296014847
19.072663973029385,23.822541138908008,24.572056916919383,-4.7498771658786225,-5.4993929438899976
82.5398155189508,81.8257311853981,80.76638579516599,0.7140843335527052,1.7734297237848153
80.97460129564524,77.99024120704763,78.20510145751184,2.9843600885976116,2.769499838133399
50.11589896261704,51.6582859694962,52.15366564243927,-1.54238700687916,-2.0377666798222336
98.50118079461124,99.88052726573648,100.20360803835314,-1.3793464711252312,-1.7024272437418944
87.18889367761793,83.01984310707887,82.59772106698426,4.169050570539056,4.591172610633663
49.83812332087799,48.1396294990002,48.786022739415685,1.6984938218777899,1.0521005814623052
85.95100631740519,83.84534228134896,83.995148736117,2.1056640360562255,1.9558575812881855
57.905263044398616,57.083350318756644,56.6988807628826,0.8219127256419725,1.2063822815160137
9.620583401889416,13.041659935742814,12.948350486597558,-3.421076533853398,-3.3277670847081424
26.486206650180936,26.99017522351407,26.68775136992581,-0.5039685733331325,-0.20154471974487365
87.27884884965611,87.96263188013162,87.34019041232425,-0.6837830304755101,-0.061341562668133065
20.982850617734574,22.0061619522741,20.683162834852993,-1.0233113345395246,0.2996877828815805
21.594195111873507,19.720043944045372,20.41216947176997,1.8741511678281348,1.1820256401035358
39.0135530158564,41.737744658735174,40.7157362197756,-2.724191642878772,-1.7021832039191978
66.46250158170999,68.1445411326429,67.5173605955134,-1.6820395509329131,-1.0548590138034086
36.15754945539712,33.41022160188943,33.08405443382019,2.7473278535076844,3.0734950215769246
18.4951220482766,14.442457943491455,14.485500034244668,4.052664104785144,4.009622014031931
24.37913036540968,22.743128038660657,23.43527590885519,1.636002326749022,0.9438544565544902
98.60736479605976,98.67849614467185,98.8642715656728,-0.07113134861209858,-0.25690676961303893
91.69420387645476,87.89354686533167,87.43476156709394,3.800657011123093,4.259442309360821
92.74381659734044,93.66117397610901,94.02674771015705,-0.9173573787685712,-1.2829311128166125
20.594437762340355,24.198671342496066,24.3276369798812,-3.604233580155711,-3.733199217540843
40.015928690874034,37.68580683288833,39.54916617665433,2.330121857985702,0.4667625142197025
88.99033038917288,88.59478900716063,87.31033202419965,0.3955413820122544,1.6799983649732297
12.350205663603404,14.398574375573226,14.881441023439333,-2.0483687119698217,-2.5312353598359287
34.79315763264211,32.43003465086992,33.104446173439186,2.363122981772186,1.6887114592029207
31.65035010571205,35.12937926344949,34.682536821472645,-3.4790291577374433,-3.032186715760595
55.63555972568102,57.499541766557314,57.399739167036984,-1.8639820408762944,-1.7641794413559637
76.16595503747178,80.65615334322055,80.90901550214657,-4.490198305748777,-4.743060464674798
52.68540205766778,52.07715943553088,51.45314129613038,0.6082426221368991,1.2322607615373968
33.72093702467649,32.21754308070214,31.206489849120494,1.503393943974345,2.5144471755559934
49.52258606642735,45.635816656532946,46.208428414505725,3.8867694098944057,3.314157651921626
47.035071600921945,51.708918288852566,50.052488907787,-4.67384668793062,-3.017417306865056
29.46249627951161,32.678717504557085,32.52720867684085,-3.2162212250454765,-3.0647123973292416
27.446107406299745,28.928344077855556,28.611783460154854,-1.4822366715558104,-1.1656760538551083
25.202308726390317,22.055084789518926,20.948657649298852,3.1472239368713915,4.253651077091465
74.96715487250997,74.81879786853324,75.17977008236173,0.14835700397672724,-0.2126152098517622
43.695018795788855,40.275519523370704,40.303166885569745,3.4194992724181503,3.39185191021911
68.9582815526828,65.55941256622408,64.94556367667342,3.398868986458723,4.01271787600939
21.95066428149836,21.788212165720147,21.38159732437,0.16245211577821195,0.56906695712836
57.370118586968886,55.54099230037167,55.040272516089615,1.8291262865972158,2.3298460708792703
35.53493448045758,32.86238529842903,32.64865259680605,2.672549182028547,2.8862818836515274
75.61633102682269,77.49237672653189,78.65198861368972,-1.876045699709195,-3.035657586867032
43.35838929687262,40.06713564489538,39.55891665861313,3.291253651977243,3.7994726382594948
41.526869549897526,38.413621629132365,39.00269341046816,3.1132479207651613,2.5241761394293647
69.5495006814958,71.98920296265732,71.93878222295521,-2.439702281161516,-2.389281541459411
29.71320992903933,34.311636004016066,33.261547685632884,-4.598426074976736,-3.548337756593554
37.97993620446313,39.807068500279016,39.93407706036745,-1.8271322958158862,-1.9541408559043205
69.71901977406088,73.369667180186,73.51065145144958,-3.650647406125117,-3.7916316773886933
66.9005637923487,65.24363648074629,64.17066859418324,1.6569273116024164,2.7298951981654653
10.187534237395584,14.500631049269138,14.277157222505584,-4.313096811873555,-4.089622985110001
30.22211440630871,30.798065986827222,33.26114166373907,-0.5759515805185131,-3.0390272574303587
38.00154783330163,40.88291344976327,43.340881340276276,-2.8813656164616432,-5.339333506974647
27.01278435129664,31.202323057858692,31.29152287545226,-4.18953870656205,-4.278738524155617
66.19542708587386,66.0031695017829,65.84930836236714,0.19225758409095306,0.34611872350672
78.32108214235198,78.42781577676286,79.04525665433638,-0.10673363441087247,-0.7241745119844012
98.25926687359,99.31073140273027,99.43244383806834,-1.0514645291402758,-1.173176964478344
73.38729926704494,69.99760577933776,68.64538657124243,3.389693487707177,4.741912695802512
72.1394922930945,76.42300026786529,78.10370122863273,-4.283507974770785,-5.964208935538224
43.37249587473249,44.86465003295859,44.63016936583958,-1.4921541582261,-1.2576734911070844
75.20317497431775,73.39135008172661,72.35199149422209,1.811824892591133,2.8511834800956564
93.78701940077514,96.99353805019686,97.40331973954626,-3.2065186494217244,-3.6163003387711257
93.8315405100571,94.76528684499286,94.70859961886715,-0.933746334935762,-0.8770591088100588
92.55417017072892,90.55782298606084,90.71344140862689,1.9963471846680818,1.8407287621020316
22.913560426161048,21.25901716062461,22.759258403103715,1.6545432655364394,0.15430202305733332
52.51305708639503,52.89187924549135,52.113452701274916,-0.3788221590963232,0.39960438512011365
40.6812142537149,42.62592592675511,42.41903140339115,-1.94471167304021,-1.7378171496762533
14.37666072396214,18.66914896927436,18.813008570307417,-4.292488245312221,-4.436347846345278
31.74736958481704,33.987334932686096,34.59272298285807,-2.239965347869056,-2.8453533980410306
50.72202217133605,46.58406570314554,47.000251432046696,4.137956468190509,3.7217707392893544
45.35284898534389,42.81186658853824,41.15077095851935,2.540982396805653,4.2020780268245375
45.108930087114814,40.61161986446681,39.89267813977485,4.497310222648004,5.216251947339963
83.01623714592749,86.65637378469957,86.6609904756489,-3.640136638772077,-3.6447533297214108
78.3110079603554,75.3215299486997,75.11741991591151,2.9894780116556916,3.193588044443885
63.1282994323451,58.89527640840066,57.94297514097818,4.23302302394444,5.185324291366925
83.02474720115484,82.97184074978327,83.00637415250529,0.052906451371569574,0.018373048649550583
21.399446089100444,17.57760212763106,18.219435540141912,3.8218439614693835,3.1800105489585313
46.99430951124731,49.91802833655624,51.11277465663177,-2.9237188253089315,-4.118465145384462
88.93311638388252,92.62013902281369,92.36276423377352,-3.687022638931168,-3.4296478498909977
42.53426258734743,38.85726223856444,40.005994823262164,3.6770003487829896,2.528267764085264
15.240952580880574,15.015375742218197,15.147631380836309,0.2255768386623771,0.09332120004426514
25.765154734617877,20.88386469688554,21.133252481712653,4.881290037732338,4.631902252905224
38.731748087113225,34.434738509920145,34.53468489871882,4.29700957719308,4.197063188394402
32.54828464403432,30.862555450126113,30.868206017752232,1.6857291939082053,1.6800786262820857
73.95027557781134,71.72369263007518,70.11702370883367,2.226582947736162,3.833251868977669
18.85462846746717,14.543861066620579,14.189973443247537,4.31076740084659,4.664655024219632
12.428232120028536,16.472339041515824,16.600552762515676,-4.044106921487288,-4.17232064248714
98.58362535657828,100.05655641525604,100.73597868032452,-1.4729310586777586,-2.15235332374624
29.99578283639766,30.368670368702663,29.850686762498125,-0.37288753230500404,0.14509607389953416
48.28752233700338,52.97572711044235,52.788732192285714,-4.688204773438969,-4.501209855282333
13.677879479098843,16.375442520479467,16.400353203119142,-2.697563041380624,-2.7224737240202987
54.72135511460762,59.341589222631114,58.253011153489425,-4.620234108023496,-3.531656038881806
25.516821315408272,24.07485788591286,25.400236583108853,1.441963429495413,0.1165847322994189
89.31423228974371,90.890854869317,89.9311038970535,-1.5766225795732822,-0.6168716073097897
63.7551792118131,63.91011701102063,64.3709643861804,-0.1549377992075307,-0.6157851743673035
72.66101745864027,73.8512596819348,73.9860006893825,-1.1902422232945327,-1.3249832307422196
98.42785022679683,95.36637900512034,95.65435643677951,3.0614712216764985,2.7734937900173264
38.880313204608704,36.8670348435447,36.80704716817059,2.0132783610640033,2.0732660364381132
15.6641233446797,19.515499574004394,19.591162474505236,-3.8513762293246945,-3.927039129825536
15.772322425751868,20.437014066999787,20.636272166525135,-4.664691641247918,-4.863949740773267
66.05542714758316,65.40164115470255,64.66201715156167,0.6537859928806142,1.3934099960214894
65.54455396252992,61.43351285303623,62.11394686428424,4.111041109493691,3.43060709824568
29.748858037409228,29.210174092961175,29.134296699355435,0.5386839444480529,0.6145613380537931
59.25790707697634,58.35385892659438,57.5172489961512,0.9040481503819606,1.7406580808251348
82.37469205115688,79.76652854971982,79.84100971425687,2.608163501437062,2.5336823369000143
24.74815518913293,21.537823798374614,21.001823180272982,3.2103313907583164,3.746332008859948
22.610857796321085,25.952882417533495,25.390382308021387,-3.34202462121241,-2.779524511700302
52.98422758257799,52.69432605934885,53.29076952517361,0.2899015232291333,-0.3065419425956222
17.43838604399217,19.871617635795182,19.34990144930428,-2.433231591803011,-1.9115154053121088
69.75299639775434,68.40887451410222,67.54313881274787,1.3441218836521216,2.209857585006475
38.23303145130322,42.92976569456416,42.16165043623717,-4.696734243260941,-3.928618984933948
55.59140928606716,55.10354103101557,55.804158404920926,0.4878682550515947,-0.21274911885376468
100.1144462181279,95.99325552169869,96.00687372280419,4.12119069642921,4.1075724953237085
66.08149042245853,69.79379461370053,70.0261841658834,-3.712304191241998,-3.944693743424864
63.54976106061682,59.66903645721177,58.95381725429908,3.8807246034050493,4.5959438063177345
25.649168209252508,28.991097428793672,29.330527089006047,-3.3419292195411643,-3.681358879753539
16.68011584500036,17.6423371030385,17.693612135082105,-0.9622212580381415,-1.013496290081747
97.94428861860384,99.91451236719804,101.27887784306607,-1.9702237485942078,-3.334589224462235
85.99591512905464,82.67104208142632,82.43452434371058,3.3248730476283157,3.5613907853440594
24.96068563115704,26.926061012490408,27.362216921769022,-1.9653753813333665,-2.401531290611981
64.13678294554722,68.53137605179053,68.98968054927623,-4.394593106243306,-4.852897603729005
14.065068950471872,18.609745857431385,17.660143409569,-4.544676906959513,-3.595074459097127
76.46249272085988,76.55789354462529,74.96580105125884,-0.09540082376540227,1.4966916696010486
28.85505573490439,25.197744946224148,24.036165694421303,3.657310788680242,4.818890040483087
18.32514976210375,18.757680600432295,19.8867600091851,-0.432530838328546,-1.5616102470813509
62.30038742502641,57.76751224037298,57.64287583113979,4.532875184653427,4.657511593886618
65.6921659065864,67.09128818219628,66.31196572073195,-1.3991222756098836,-0.6197998141455514
44.66930780446434,47.26262854512636,47.57433667126029,-2.5933207406620227,-2.905028866795952
50.02796959679444,47.76502628419822,47.88028575674867,2.262943312596221,2.1476838400457723
98.02336096785405,93.66499938417704,94.43814534963609,4.358361583677009,3.5852156182179584
59.22532380911477,63.65299937846771,63.440540215403246,-4.427675569352942,-4.2152164062884765
88.45484649613202,88.45134576232596,88.6684090198386,0.0035007338060637494,-0.21356252370658524
81.67390605821971,77.20326773732992,75.68112520581641,4.47063832088979,5.9927808524033
27.27673109069346,31.16263850297752,30.78070482899272,-3.885907412284059,-3.503973738299262
62.16414042950788,66.19598973457583,66.62823985827055,-4.031849305067951,-4.464099428762665
13.784706626425926,12.857720582615912,14.426644626482688,0.9269860438100146,-0.6419380000567614
14.771507884476833,16.63374648922374,18.56561203997797,-1.8622386047469064,-3.794104155501138
102.50260794087316,100.03042377442398,100.70727319301527,2.472184166449182,1.7953347478578934
20.53489373773681,22.053705402436307,22.040057388673368,-1.5188116646994985,-1.5051636509365593
30.11336968431084,33.43727436385038,33.273641468050165,-3.323904679539538,-3.1602717837393257
34.591500562385505,30.48395939643973,30.684007926291294,4.107541165945776,3.9074926360942115
62.49514252422762,59.572570044637196,60.24951703020056,2.9225724795904213,2.2456254940270597
20.821629958530888,17.570949792840345,17.992100211415202,3.250680165690543,2.8295297471156857
91.27307128020388,90.64197386309385,90.88392447156501,0.631097417110027,0.38914680863886986
16.946544958117045,16.814192324897363,17.57091904362858,0.13235263321968205,-0.624374085511537
20.49461326081705,15.736593601441527,15.945373602809406,4.758019659375524,4.549239658007645
95.9693963172836,94.48706662948835,95.19680633280358,1.482329687795243,0.772589984480021
32.247480073666075,34.64703286620687,34.20040023097413,-2.3995527925407956,-1.952920157308057
25.501290549424454,24.087342370835998,24.21317585117833,1.4139481785884556,1.2881146982461225
25.32060586405717,30.195209842378627,30.28702874566466,-4.874603978321456,-4.966422881607489
62.28764003941648,64.00706444867177,63.50601823986945,-1.7194244092552893,-1.2183782004529675
32.606976365171256,29.84580790635958,28.519390172123536,2.761168458811678,4.08758619304772
66.25995355016582,63.02620894653833,63.28132816315966,3.2337446036274855,2.9786253870061614
20.1955119424952,22.159579655156886,21.370988895859103,-1.9640677126616843,-1.1754769533639013
74.87551114395126,73.29339508801937,73.07947134990938,1.5821160559318912,1.7960397940418744
19.27141399956624,16.427189485354333,16.872712590123136,2.8442245142119056,2.3987014094431025
84.69777950468598,87.7022212889463,88.62647572675576,-3.0044417842603224,-3.9286962220697745
90.48209960850848,90.81492705153504,90.12104908797859,-0.3328274430265594,0.3610505205298864
51.67737442186218,49.862213389743815,51.983376870995535,1.8151610321183682,-0.3060024491333522
92.37770310934444,92.8994499532821,93.33821983891696,-0.5217468439376631,-0.9605167295725181
22.442752094140918,24.344306627445924,24.2054974980619,-1.9015545333050063,-1.762745403920981
85.80777427539059,86.79343107843602,86.7718695526939,-0.9856568030454298,-0.9640952773033149
76.96941092865325,77.88964882473718,78.06822858128123,-0.9202378960839326,-1.0988176526279858
81.54786959230887,85.12298904198924,83.2186086877899,-3.575119449680372,-1.670739095481025
15.776870772370971,12.807715806929686,14.077826355157088,2.9691549654412857,1.6990444172138837
85.7128525754562,89.5261286987546,89.50747450787168,-3.813276123298408,-3.794621932415481
44.64807483929295,43.31853190363674,43.36804796238536,1.3295429356562138,1.2800268769075913
60.67442618825288,62.8135481583644,62.91424923065915,-2.1391219701115176,-2.2398230424062717
16.79399912014936,21.48010304233202,21.52269267805116,-4.68610392218266,-4.728693557901803
13.418446244249676,16.59085287321738,16.773891257756045,-3.1724066289677033,-3.355445013506369
103.17000316769074,100.2436568874185,100.23092540438952,2.9263462802722415,2.9390777633012135
90.5148299450813,90.82417539999491,89.75659558768326,-0.3093454549136112,0.7582343573980381
37.35610156625136,33.193096595481315,31.965957977479366,4.1630049707700465,5.390143588771995
26.62663084474492,22.032841852680804,21.974030388336637,4.593788992064116,4.652600456408283
42.33046801394206,45.4828036193755,45.86231117624515,-3.152335605433443,-3.5318431623030904
40.56428245889001,42.5183019398445,42.521083541136086,-1.9540194809544857,-1.9568010822460735
73.27216190676792,75.61201437225671,75.96962724171966,-2.3398524654887893,-2.697465334951744
51.2025502425691,46.1643725277821,46.48890646064885,5.038177714787004,4.713643781920254
81.60244837116835,76.93311341598519,75.13920324085672,4.66933495518316,6.463245130311634
69.818295629113,67.68011072544861,66.79138394079337,2.1381849036643814,3.026911688319629
100.473046039905,100.110243183888,100.27382715065549,0.362802856016998,0.19921888924950792
71.66115981431886,72.8407271690765,72.15098561793825,-1.179567354757637,-0.4898258036193823
19.605766873381345,18.37855213510432,19.210351491630544,1.2272147382770235,0.3954153817508015
57.77058774911519,56.04488536978038,56.57839841688161,1.7257023793348054,1.1921893322335748
65.63581236243922,60.72671490659687,61.67957570635306,4.909097455842357,3.956236656086162
36.449534085240245,37.039299561187114,35.97544850334364,-0.5897654759468693,0.47408558189660255
80.7148787140682,76.29127661023843,77.15706955070112,4.423602103829779,3.5578091633670823
45.206077354932674,43.86791633666999,44.54950246529395,1.3381610182626815,0.6565748896387262
72.63682340917468,76.20048121931683,77.49959354470056,-3.5636578101421463,-4.862770135525878
83.43911073259481,81.44193380375233,80.10131703244856,1.997176928842478,3.33779370014625
90.62317500814233,94.72644709454238,95.09635098519138,-4.103272086400054,-4.473175977049053
78.52508260994425,76.77922332414671,77.23175780987555,1.7458592857975361,1.293324800068703
43.97178069737523,47.02751961308134,46.67698907241709,-3.055738915706108,-2.705208375041863
13.068160250120046,16.276015322551302,16.821318362142037,-3.207855072431256,-3.753158112021991
96.15605610611512,99.97756307263084,100.54371945996876,-3.8215069665157273,-4.38766335385364
66.25816554888843,62.11010013525799,64.41570839885478,4.148065413630441,1.8424571500336526
25.2967511926938,25.51683969065091,25.566220847768218,-0.22008849795711072,-0.2694696550744169
86.54116022951392,84.1196979106754,84.07105923118446,2.421462318838522,2.470100998329457
11.528224836484496,13.519426312178318,13.614833341980564,-1.9912014756938223,-2.086608505496068
40.06270603107858,41.81454826548267,40.19028807658282,-1.7518422344040943,-0.12758204550424068
32.95428200107634,31.268663095128918,31.31542241581555,1.6856189059474254,1.6388595852607928
14.687900976126986,17.791025281060477,19.04508796311688,-3.103124304933491,-4.357186986989895
81.7415906934673,83.96695706563176,84.12005479551426,-2.2253663721644585,-2.378464102046962
76.85600028481021,74.0999347193286,72.98377980769858,2.756065565481606,3.8722204771116253
70.14754966673443,67.52257764884213,66.1858366391208,2.624972017892304,3.9617130276136407
24.80470682460206,24.36425429883615,24.089536598006998,0.44045252576590954,0.7151702265950632
30.605340191901146,28.889922164748672,28.747193823120853,1.7154180271524737,1.858146368780293
53.04480192349905,48.33948357846706,47.443514438878594,4.705318345031991,5.601287484620457
62.7539348178608,61.05713927354811,61.33287308207828,1.6967955443126925,1.4210617357825228
62.860553015829154,58.0790546516685,57.48347252187912,4.7814983641606545,5.377080493950032
24.09862530612688,26.732947791550178,27.03554336987109,-2.634322485423297,-2.9369180637442085
25.555099267527424,26.321003705807637,27.54606563151675,-0.7659044382802129,-1.990966363989326
22.232832691708204,17.788901736633463,18.878163192481043,4.443930955074741,3.3546694992271604
94.33852325532794,95.76839796613551,96.39646417302927,-1.4298747108075673,-2.0579409177013304
95.09061116594386,93.7135472487995,93.74481805712242,1.3770639171443548,1.3457931088214394
16.906936330210318,18.072706744820145,15.922642813561286,-1.1657704146098276,0.9842935166490321
13.276044999100332,16.703644046043536,17.859449578440707,-3.427599046943204,-4.583404579340375
73.14368230174826,75.56555160356933,75.73847426992823,-2.4218693018210757,-2.594791968179976
22.51404641554813,24.865395276421186,24.48826155575919,-2.351348860873056,-1.9742151402110615
70.57820112427439,74.664572833224,74.06979606774648,-4.086371708949613,-3.4915949434720943
93.53026385071593,88.91833403185973,87.96024820959798,4.611929818856197,5.570015641117948
55.80956962184596,58.266281010171774,57.164568346072585,-2.4567113883258145,-1.3549987242266255
53.42137176305238,50.56938586162493,51.845910546917274,2.8519859014274473,1.5754612161351034
102.45842540737551,100.00409368659047,99.56694112960939,2.4543317207850492,2.891484277766125
49.9761509986915,51.862467978491345,52.3045901366531,-1.8863169797998438,-2.3284391379615954
52.2240257246196,56.906985249502654,56.94153784929236,-4.682959524883053,-4.7175121246727585
95.25859366406672,92.69535885156141,91.89477379147904,2.563234812505314,3.3638198725876833
70.28646687908571,72.78563155394167,71.93784501062771,-2.4991646748559617,-1.6513781315420033
23.431065170064528,22.413374195830716,22.494717614611233,1.0176909742338118,0.9363475554532954
85.0935451562116,87.08820426428666,86.32539436637477,-1.994659108075055,-1.231849210163162
42.365727243404855,38.24212511646472,38.66131256297705,4.123602126940135,3.704414680427803
60.41360112347105,63.5641148689878,62.20894695167061,-3.1505137455167542,-1.7953458281995651
27.6158986445556,29.658192010539345,28.941084749297453,-2.0422933659837454,-1.325186104741853
81.10862045503316,80.93038499584387,80.9153010111794,0.1782354591892954,0.19331944385376687
63.50361533587907,64.70489713268911,64.13428770711108,-1.2012817968100435,-0.6306723712320164
61.3216268468773,63.14068164634132,63.75176797158744,-1.8190547994640198,-2.43014112471014
21.94363150255193,17.59634652606696,17.94257047421044,4.347284976484971,4.001061028341489
87.65950690886997,89.27020421477417,89.11525915346446,-1.6106973059041962,-1.4557522445944926
60.22400128051076,62.09347354370547,62.43585162544403,-1.8694722631947087,-2.211850344933268
79.11730367111515,77.42028064118689,76.94066941277478,1.6970230299282605,2.1766342583403713
26.979204396093916,24.77490371969257,23.861602933840427,2.2043006764013455,3.1176014622534893
58.07943620490981,57.80515894668357,57.192403344243466,0.2742772582262418,0.8870328606663449
50.9812899450704,46.08968234570771,45.424314753990814,4.891607599362693,5.556975191079587
56.78481369815555,53.401930455864054,53.530477241800526,3.3828832422914985,3.254336456355027
17.777271988739656,18.618682149681533,16.763022431682476,-0.8414101609418765,1.0142495570571803
30.4045716106331,26.496221422492415,26.838634870188375,3.908350188140684,3.565936740444723
50.47963552198151,54.89029486190683,54.13518231987415,-4.410659339925324,-3.65554679789264
13.058232162908082,14.55661722141916,14.37492512092905,-1.4983850585110776,-1.3166929580209672
38.78551137455579,40.05280039785126,39.71720154920587,-1.2672890232954686,-0.931690174650079
88.69731282985234,90.1059594240861,89.97771615315487,-1.4086465942337583,-1.2804033233025365
65.72839754977377,66.41557732104422,65.80312342880488,-0.6871797712704506,-0.0747258790311065
75.86140247714232,74.04179903274186,74.20573757389806,1.8196034444004567,1.6556649032442579
25.814318058686343,30.251733995664924,29.125951563199916,-4.4374159369785815,-3.3116335045135727
14.19459172844469,11.916689521374487,13.460452886780583,2.2779022070702037,0.734138841664107
100.51826089119103,99.79081338509522,99.40191891562107,0.7274475060958139,1.1163419755699664
38.808472178890014,43.44659397269285,42.90835342186702,-4.6381217938028385,-4.0998812429770055
12.5726360785143,15.56013961368263,15.713680133807038,-2.9875035351683294,-3.1410440552927383
19.735678657048467,21.088703417082556,20.808940682771322,-1.3530247600340886,-1.0732620257228547
12.778044688984696,17.288960466797498,18.120962357607056,-4.5109157778128015,-5.342917668622359
27.575497561476347,31.973862134930314,30.21983666226661,-4.398364573453968,-2.644339100790262
40.03193882022062,38.62324162554126,38.86004893468111,1.4086971946793554,1.1718898855395068
72.97644962745753,72.31268917556656,72.55297175432642,0.6637604518909654,0.4234778731311053
82.22761060760587,82.85706415752395,83.58431118903971,-0.6294535499180824,-1.3567005814338415
76.74730273213753,72.56974850902475,72.63478568218247,4.177554223112779,4.112517049955059
17.7765997160582,19.93105900973515,20.10225876114814,-2.1544592936769504,-2.325659045089939
31.58011509608982,33.424577644472095,32.88915907179055,-1.8444625483822747,-1.3090439757007317
91.10226504127488,87.19300373078822,87.9937898056201,3.909261310486656,3.1084752356547796
23.13698998560523,23.489000779381374,24.493194588734944,-0.3520107937761452,-1.356204603129715
36.94247252325036,39.14627856540131,39.05239272117459,-2.2038060421509513,-2.1099201979242324
30.6924151868103,31.317676193933785,31.453241370569135,-0.6252610071234841,-0.7608261837588337
33.35356944832603,34.33454252331939,33.3725596261004,-0.980973074993365,-0.018990177774369954
21.94413519085624,20.877833037548115,21.223083787305022,1.0663021533081256,0.7210514035512183
102.68913823918982,99.79190709362726,99.52705460916563,2.8972311455625572,3.162083630024185
90.76804403060258,91.94493282855801,89.70703664840852,-1.176888797955428,1.061007382194063
27.44494992075921,25.457896197452925,26.045080725204453,1.9870537233062855,1.399869195554757
47.35327267047526,44.292708044013814,45.10553674414417,3.0605646264614492,2.247735926331096
29.723471832693047,33.488493352423006,33.007476014871855,-3.7650215197299595,-3.2840041821788084
96.21464770907129,100.13532838315896,100.3618468046884,-3.920680674087677,-4.147199095617111
19.17604917828914,20.934306255265675,20.663297217557794,-1.758257076976534,-1.4872480392686533
58.374588463916375,61.82846665593459,61.2488978916017,-3.453878192018216,-2.8743094276853256
95.69729762612002,97.485966745171,98.02866492058754,-1.7886691190509794,-2.331367294467526
50.04754884423959,54.62058778790913,54.20991125175617,-4.573038943669538,-4.162362407516575
15.910976773070807,17.382063726902153,17.559514264898684,-1.471086953831346,-1.6485374918278772
24.32339939292712,29.579535122704794,30.213450144200806,-5.256135729777675,-5.890050751273687
60.14659188432028,60.682193020349935,60.806006629796094,-0.5356011360296549,-0.6594147454758144
100.92350328593362,99.91140557150888,99.57526016814465,1.0120977144247405,1.348243117788968
72.016625877623,67.65188963848622,67.36418872066923,4.364736239136775,4.652437156953766
24.057187963067136,20.701452094455526,21.045366864071813,3.3557358686116103,3.0118210989953234
42.78282667448438,39.84880002953623,41.38139687660228,2.9340266449481547,1.401429797882102
56.65871464933196,58.74350507737942,58.13220626708731,-2.084790428047455,-1.47349161775535
85.47632423618799,83.55907167017422,84.12800400733904,1.9172525660137723,1.348320228848948
21.318427992997066,25.14666609144226,24.614627744441247,-3.828238098445194,-3.296199751444181
61.43388407565339,58.12222611394378,58.202105422414526,3.3116579617096065,3.2317786532388624
31.374454730100595,34.376756066569776,33.88062936829502,-3.0023013364691806,-2.506174638194423
24.81124571687688,28.818087007725445,29.095385408979258,-4.006841290848566,-4.284139692102379
88.86859799400177,93.72500284946864,94.0251836414338,-4.856404855466863,-5.156585647432024
61.067457737088006,60.49745881771988,60.35342344446999,0.5699989193681247,0.7140342926180168
36.75311955189916,37.18396095633656,38.19138619586361,-0.4308414044374018,-1.4382666439644467
16.87878685935021,19.31538119120443,18.827239837035357,-2.43659433185422,-1.9484529776851467
26.728682419509653,25.33910776128567,25.721870720143837,1.3895746582239816,1.0068116993658158
15.268185063531726,20.02424767237747,20.12479050722009,-4.756062608845744,-4.856605443688364
18.69755082212432,19.0616843281923,19.84134288642713,-0.36413350606797934,-1.1437920643028114
64.0356230394815,68.3846254348943,68.73314607780526,-4.3490023954128105,-4.697523038323766
22.750603912022164,20.78264654148675,20.745348220282928,1.9679573705354159,2.0052556917392366
78.50302914329205,73.93947422155476,73.26102457887096,4.563554921737293,5.242004564421094
95.75977842448702,94.24324397660683,94.88263745629844,1.5165344478801899,0.8771409681885842
26.0202870358523,28.47330206851135,29.526388954502536,-2.453015032659053,-3.506101918650238
34.71229829130437,33.89431963531185,34.581080419990315,0.8179786559925191,0.13121787131405682
67.81809220866663,69.01291383156962,69.34162654893294,-1.1948216229029924,-1.523534340266309
27.413298837520674,28.714733573960693,28.75958665932229,-1.3014347364400187,-1.3462878218016172
47.26380521031818,49.171310775601256,48.45348001271674,-1.9075055652830741,-1.1896748023985566
17.4540536883553,18.384292284335828,18.10076277679743,-0.9302385959805264,-0.6467090884421296
90.31234574621702,89.17721104034061,88.61627143970598,1.1351347058764105,1.6960743065110364
27.03852566845073,25.061966570188524,25.341394928714394,1.9765590982622072,1.6971307397363375
25.86778217637834,28.998170872027398,28.585371037231777,-3.1303886956490565,-2.7175888608534358
34.58444732527474,32.56149175683295,33.68009439994727,2.0229555684417875,0.9043529253274656
41.85496287116385,44.474460823695054,44.441033384296446,-2.619497952531205,-2.586070513132597
89.50305018673716,93.8271270573577,94.0469200031658,-4.324076870620544,-4.543869816428639
26.768367960354396,24.900594455878775,23.593677615125152,1.8677735044756218,3.1746903452292443
36.0055705761003,40.70080904527214,41.206602393889376,-4.695238469171841,-5.2010318177890795
43.18905683734943,39.82449941909388,39.64513566460819,3.3645574182555507,3.5439211727412427
83.6675656972444,82.00931867643433,81.44734291464707,1.658247020810066,2.2202227825973324
33.13175739060293,32.41354812237293,33.55185005180326,0.7182092682299981,-0.4200926612003286
75.31263380743155,79.88766875139717,80.07129678152774,-4.575034943965619,-4.7586629740961826
33.91107033384053,37.271310469767684,36.73478023516297,-3.3602401359271568,-2.823709901322445
78.5835036076804,74.56303587867069,75.57278168432991,4.0204677290097095,3.010721923350488
36.62940406625202,31.7288510641543,31.90068883367381,4.900553002097723,4.72871523257821
61.72461244886985,59.75529796732587,60.904164834606384,1.9693144815439751,0.8204476142634647
81.59807351816309,78.94002218608512,78.76401617093657,2.6580513320779744,2.834057347226519
66.0070579884374,62.59839887952121,63.63681041281396,3.408659108916183,2.370247575623438
33.47859878593597,31.61732829653729,30.090833021563835,1.861270489398681,3.387765764372137
22.0848862413288,19.67389022714461,20.592026544210395,2.410996014184189,1.492859697118405
45.708770185054505,45.27383255281913,45.13474412779845,0.43493763223537485,0.5740260572560558
67.92699327729758,65.6435745664717,64.16748118981343,2.2834187108258845,3.759512087484154
71.11152353827013,68.82604341384143,69.37086270988593,2.2854801244287017,1.7406608283842075
24.62495824587312,23.5600503141644,23.239670899260005,1.0649079317087207,1.385287346613115
17.799121370826352,16.008539907668712,17.02608204337729,1.7905814631576398,0.7730393274490623
30.58737536363157,33.32708143950863,32.577919473806745,-2.739706075877063,-1.9905441101751755
65.62066217684809,67.94803996314481,68.12311850713427,-2.327377786296722,-2.5024563302861793
34.617354563656164,32.98371976018241,33.13442028623893,1.633634803473754,1.482934277417236
77.67159531518324,76.05198986590305,77.33744383414452,1.6196054492801863,0.3341514810387167
63.546915204714864,65.28473017355836,66.34513939897502,-1.7378149688434945,-2.7982241942601576
50.10029816412077,45.79274224052509,45.225523822651546,4.307555923595686,4.874774341469227
35.20158664058944,31.750072594098757,31.963813974048595,3.451514046490683,3.2377726665408453
57.94535449374348,56.92877493699024,56.23375975958318,1.0165795567532427,1.7115947341603004
39.44384360461893,42.991568833695894,41.68126084687612,-3.547725229076967,-2.2374172422571945
19.26286139334877,20.937641901333855,20.563778723712886,-1.6747805079850835,-1.3009173303641148
32.270406539705824,27.485592476063427,28.389138833525852,4.784814063642397,3.8812677061799725
80.59695214556858,79.14859270973304,78.68453354437617,1.4483594358355418,1.9124186011924138
38.14561398341916,43.069536087352006,41.182691198561116,-4.923922103932846,-3.037077215141956
36.01371767252737,34.03347238925038,34.983914004514105,1.980245283276993,1.0298036680132654
68.05815559466646,63.98523790462261,63.72015960074119,4.072917690043852,4.337995993925269
83.31225115999587,78.3529986436238,79.4524511764318,4.959252516372061,3.8597999835640735
86.64976647926433,91.46669880709001,90.12767985675164,-4.816932327825683,-3.4779133774873117
72.8133972584893,74.08911763052352,73.79108011123085,-1.2757203720342147,-0.9776828527415518
15.525905243985031,16.664458740132318,17.55213968124813,-1.1385534961472867,-2.0262344372630974
13.177259304674864,16.547354903281523,17.89712518418965,-3.3700955986066585,-4.719865879514787
23.01493863443578,25.83416541923753,25.029547215033222,-2.8192267848017494,-2.014608580597443
24.03945711699964,19.199589129166917,18.682251825337975,4.839867987832722,5.357205291661664
97.70746200819444,95.83428981772738,95.07989976783277,1.8731721904670593,2.6275622403616694
34.40110524777449,35.19385754779758,35.77904288396085,-0.7927523000230892,-1.3779376361863598
55.33444833611055,52.43110932804724,52.341144771483734,2.9033390080633055,2.993303564626814
18.63935310105369,15.994576782022797,15.590253618827504,2.6447763190308926,3.049099482226186
74.03816869052366,72.23484801947404,71.75657278877617,1.8033206710496188,2.281595901747494
38.89645608609609,36.90771051297951,35.84369442507605,1.9887455731165744,3.0527616610200354
27.72492461336687,26.13990693987528,26.45654715993744,1.5850176734915884,1.26837745342943
27.461649303599323,26.78138881407738,28.28134016301015,0.6802604895219417,-0.8196908594108265
23.11650078025351,24.586024914281403,25.628700742177813,-1.4695241340278926,-2.5121999619243027
80.86054675821674,83.20256890327697,84.62554774465438,-2.342022145060227,-3.7650009864376415
79.08578209547098,82.49112173034273,82.23964448115859,-3.4053396348717513,-3.153862385687617
22.937180225362415,20.42150954659182,20.101913542119423,2.5156706787705936,2.835266683242992
11.682213104316247,16.701621031691097,16.74719496125354,-5.01940792737485,-5.064981856937294
70.6313746202627,67.45027091586854,67.74226592923725,3.181103704394161,2.8891086910254558
58.16792888486863,57.365744448890126,57.00353838720507,0.8021844359785035,1.164390497663561
90.5686349598846,89.36443593292063,90.55775780239351,1.2041990269639768,0.010877157491094636
29.621239398978823,25.65111665239858,26.795265827421726,3.970122746580241,2.825973571557096
23.84588135710161,21.90712061143687,21.430061161872413,1.9387607456647409,2.415820195229198
21.422628305840316,17.930937004663186,16.851108789605263,3.4916913011771307,4.571519516235053
100.00280487174406,97.19122315657019,96.85079439027237,2.8115817151738725,3.1520104814716916
64.71629042107118,61.98852757268543,62.08348987684205,2.7277628483857512,2.632800544229127
35.18983566953919,38.86289940485823,40.51576174418781,-3.6730637353190403,-5.325926074648621
96.21618986363242,100.13254863094369,99.99568146384713,-3.916358767311266,-3.779491600214712
34.83176893128575,31.848974974779292,32.84099372391387,2.982793956506459,1.9907752073718825
21.579726091508903,19.94219645291301,20.712671336783846,1.6375296385958933,0.8670547547250571
21.559925101741378,23.90827062294689,23.211434377967688,-2.3483455212055127,-1.6515092762263102
47.006216167136856,45.58816543988704,45.0953046846615,1.4180507272498133,1.9109114824753561
82.31341717173576,83.77475126498383,82.8359714263603,-1.4613340932480696,-0.5225542546245379
32.701349854217995,31.81603111320633,31.761494358580112,0.8853187410116661,0.9398554956378824
53.95099011237492,57.56818009450087,56.645421555657606,-3.61718998212595,-2.6944314432826886
63.1251205458092,63.668416605064266,65.26837996646759,-0.5432960592550629,-2.1432594206583886
23.45878566269422,23.427106793921,23.588427144866206,0.031678868773219904,-0.12964148217198712
19.88664555317054,16.393459882999302,16.394902390031355,3.4931856701712363,3.4917431631391835
27.876233262550294,30.080400443458192,28.930273435253525,-2.2041671809078984,-1.0540401727032318
59.09035006009061,55.900980276196506,56.08644906980794,3.189369783894101,3.0039009902826663
92.31580998413082,91.04911169619507,90.56819002479742,1.2666982879357533,1.7476199593334059
87.3857714366191,82.7410819094521,81.45401988742525,4.644689527166989,5.931751549193848
81.3077345792118,79.7831456004354,79.20980623091167,1.5245889787763929,2.0979283483001296
48.48683364646983,47.81492336205396,47.32604408019887,0.6719102844158726,1.1607895662709637
16.651989128783303,20.22121245470467,20.90684786391756,-3.5692233259213673,-4.254858735134256
80.76779864968177,82.94550463987608,82.46473807410919,-2.177705990194312,-1.696939424427427
27.04950830305924,31.643959755216343,30.84819099508441,-4.594451452157102,-3.7986826920251673
19.365703943854367,17.665368872682244,17.977517039213005,1.7003350711721232,1.388186904641362
17.044435531609746,21.303493709346114,20.731061075126625,-4.259058177736367,-3.686625543516879
23.382489780376623,19.876619764978564,21.019414364277814,3.5058700153980595,2.363075416098809
64.01018341565194,63.23812631579745,61.848010933309205,0.7720570998544858,2.162172482342733
50.13521575735098,54.36944731187972,54.2441675617953,-4.234231554528741,-4.108951804444324
28.147404720674334,29.0691413056439,29.76984855696745,-0.9217365849695653,-1.6224438362931153
18.98142627601547,20.33042784205155,21.06661165290333,-1.3490015660360797,-2.0851853768878605
73.50700715580912,76.21843414182952,76.63698670352656,-2.711426986020399,-3.12997954771744
23.897314255774862,20.419315217562257,21.07982387744463,3.477999038212605,2.817490378330234
13.902491397829484,15.64363353044478,15.794172795963673,-1.7411421326152965,-1.891681398134189
77.8486748115309,80.40643606846145,80.69210067221087,-2.5577612569305472,-2.8434258606799716
27.64185213203747,23.944396270199316,23.365381803872395,3.6974558618381543,4.276470328165075
20.29470932136305,21.254886060053366,20.79907142811653,-0.9601767386903148,-0.5043621067534794
69.75134076849616,71.30595812106442,71.80823841715795,-1.5546173525682576,-2.0568976486617885
68.74055042283162,64.07526019433709,64.85425562029215,4.665290228494527,3.8862948025394672
92.41860639757722,96.28458362883276,95.85419261205534,-3.865977231255542,-3.4355862144781213
83.05296356623201,81.20952063945919,81.40202066145633,1.8434429267728234,1.6509429047756754
52.68079092357564,48.56103853466492,47.62327493393981,4.119752388910726,5.0575159896358315
52.810168257048346,48.8488371521149,47.68578749219835,3.9613311049334428,5.124380764849995
54.50017635364151,50.854491298340314,50.345681229598384,3.6456850553011932,4.154495124043123
93.08675735135826,96.75487133044405,95.98864396813613,-3.6681139790857884,-2.9018866167778725
74.06429035041386,71.94208982358653,72.59495949297296,2.122200526827328,1.4693308574408945
79.33402221213665,78.07560571465795,79.09352558580078,1.2584164974786916,0.24049662633586877
85.74176079749988,83.82315603055457,83.84988620504424,1.9186047669453075,1.8918745924556362
81.33858710411081,77.93376476851394,78.46607756490124,3.404822335596876,2.872509539209574
28.357691636976867,27.197320494647037,27.77936750425005,1.1603711423298293,0.5783241327268165
24.16481807944245,26.90025400042016,27.314268411798334,-2.7354359209777073,-3.149450332355883
45.19143684765497,48.72866590751634,48.052797155884434,-3.5372290598613674,-2.8613603082294645
48.14755214373699,45.56813479810111,46.02904333758734,2.579417345635875,2.1185088061496486
86.0967019158035,87.39658113416854,87.50289592406439,-1.2998792183650494,-1.406194008260897
45.74775192390971,49.28978888204453,49.812403857539906,-3.5420369581348226,-4.064651933630195
25.464017763138543,28.794093050741427,28.313576131290088,-3.3300752876028845,-2.849558368151545
90.16417690460418,86.41130876348814,85.91774955459567,3.752868141116039,4.246427350008503
55.69610446535663,58.803460606621414,58.63877350334825,-3.1073561412647805,-2.942669037991614
26.579054118864864,28.92293228596425,29.152311266532934,-2.343878167099387,-2.5732571476680697
43.00109352555055,43.215177206898346,41.072839366852975,-0.21408368134779465,1.9282541586975768
40.69771874401619,43.74021209142713,43.82732537100299,-3.0424933474109395,-3.1296066269867993
53.36172598209984,56.250687226248616,55.42385438466635,-2.888961244148774,-2.0621284025665076
25.480833098655683,27.901508311488957,28.764137168450276,-2.420675212833274,-3.2833040697945926
86.40388685598266,82.89375171787862,82.72455174875208,3.5101351381040473,3.6793351072305853
22.540495805104563,22.683940424956624,22.540730131366963,-0.1434446198520618,-0.00023432626240094123
98.26952207985292,100.02207627770582,100.99238867943107,-1.752554197852902,-2.722866599578154
102.46531019994516,100.02209194070377,99.02316506531061,2.443218259241391,3.4421451346345577
24.95832388295663,26.098106122019928,26.12309198646851,-1.1397822390632975,-1.1647681035118786
55.958380109006505,58.76764038368073,57.804405050243275,-2.809260274674223,-1.8460249412367702
87.88104013420808,92.03408225602054,90.72116275749262,-4.153042121812462,-2.840122623284543
34.88525167235342,33.59413979016432,32.79048742955252,1.2911118821890994,2.094764242800899
25.561319069450917,25.031247037632898,23.935010694061603,0.530072031818019,1.6263083753893142
21.75703483807797,21.850546539339778,21.36759163636087,-0.09351170126180719,0.3894432017170999
12.981162147335745,15.458482899964132,16.36090483548641,-2.477320752628387,-3.379742688150664
15.960999569907624,20.375837388017516,21.12181779322087,-4.414837818109891,-5.160818223313246
53.62262449534734,49.618440444828416,48.96580527093952,4.004184050518923,4.656819224407819
70.92671441686524,68.51692477567542,68.02263932487702,2.4097896411898176,2.9040750919882186
80.59969297345188,77.65816617154024,78.68200468595123,2.9415268019116354,1.9176882875006527
35.01906796262313,31.483430617878394,33.01879587129457,3.535637344744739,2.0002720913285614
21.610430556257437,23.069148127535126,23.657350847409216,-1.4587175712776883,-2.0469202911517783
16.670110540999573,18.94515417888873,19.54198371296304,-2.275043637889155,-2.8718731719634683
23.6164492683251,21.928433047096743,22.06798470454205,1.6880162212283558,1.5484645637830496
74.47555805203288,77.85061183150604,79.47301529343926,-3.3750537794731628,-4.99745724140638
11.60591859205626,13.555981030091388,13.510753772497226,-1.9500624380351272,-1.9048351804409656
16.055694116071596,14.123751024308405,14.00936200757969,1.9319430917631912,2.0463321084919066
78.194784162134,75.06065079141162,75.30199673391178,3.134133370722381,2.8927874282222206
23.462194352477347,24.8232007977806,24.310576796242138,-1.3610064453032535,-0.8483824437647911
98.38513688770658,100.20584464903075,100.67403165306399,-1.8207077613241722,-2.288894765357412
100.17029118404496,99.00740607871846,98.86054097361935,1.1628851053264952,1.3097502104256051
97.2679669620899,92.78333325158596,93.26566054933055,4.484633710503942,4.002306412759353
31.58315229670865,27.657464880049496,25.983798352451966,3.925687416659155,5.599353944256684
72.27587489874865,67.56683637329148,65.71365510956679,4.709038525457174,6.562219789181867
95.37444418867877,96.80376867692554,96.45624322628261,-1.4293244882467775,-1.0817990376038438
37.005887687876445,36.83952262956704,36.4490246775674,0.1663650583094025,0.5568630103090442
12.786256021787931,13.834641934232693,14.943201155675125,-1.0483859124447612,-2.1569451338871932
26.79479738910293,30.172572063216723,30.07479998800753,-3.3777746741137946,-3.280002598904602
95.5574046634463,100.24200775653517,100.5142956321343,-4.684603093088867,-4.9568909686880005
85.11149600063511,81.8779891035612,81.946834550049,3.2335068970739087,3.1646614505861095
88.20517854793191,88.93190303958167,87.33269609694631,-0.7267244916497617,0.8724824509856006
43.82528837095331,45.32940077755739,44.82105187907323,-1.5041124066040794,-0.9957635081199214
80.06194785911381,82.30774316512168,80.22551658829329,-2.2457953060078637,-0.16356872917947385
24.194538838753157,19.69546745282028,19.45264132470742,4.499071385932876,4.741897514045736
94.11985040597142,96.93085397926956,96.14085693241928,-2.8110035732981373,-2.021006526447863
46.54181371051513,43.451963196305016,43.456496967677616,3.089850514210113,3.085316742837513
20.98051904728461,24.792236341632833,24.64820706486246,-3.811717294348224,-3.667688017577852
98.7958704880147,99.63049171783254,99.52202172400736,-0.8346212298178415,-0.7261512359926598
17.09107904838922,20.186663445953236,19.834696173086332,-3.095584397564018,-2.7436171246971135
52.58818124760533,54.45742504775942,53.88010922071288,-1.869243800154095,-1.2919279731075548
84.50800837208666,81.8622568601946,79.92095450594667,2.6457515118920583,4.587053866139996
25.72237651721901,27.8724880026106,27.1681086787848,-2.1501114853915873,-1.4457321615657897
59.61444817490568,60.31302921780981,60.72084379044763,-0.6985810429041308,-1.106395615541949
60.57241663648941,61.247970052183376,62.10192648892341,-0.6755534156939689,-1.5295098524340034
36.67236400176785,34.01121670403037,33.51633099112775,2.661147297737486,3.156033010640101
31.858246632604363,36.13897647618691,36.164660694961505,-4.280729843582549,-4.306414062357142
91.0373177035673,87.923127144257,87.50821888958154,3.114190559310302,3.5290988139857546
29.81946895091468,28.268565476742197,29.42541748029817,1.5509034741724825,0.39405147061651036
24.08473884589851,20.5911323151106,21.005788672586977,3.493606530787911,3.078950173311533
94.19239273431768,91.83099059447748,90.57401344794516,2.3614021398401945,3.618379286372516
32.7585880155058,30.233932230132663,29.97553718569845,2.524655785373138,2.783050829807351
45.962525884838016,49.09672440062373,48.31627828960426,-3.1341985157857124,-2.3537524047662473
69.67919050946493,67.2799568711599,66.13091128634302,2.3992336383050343,3.5482792231219094
39.83421964954699,37.49808563963458,37.96370048774694,2.3361340099124064,1.870519161800047
54.83840722105306,55.69082162093927,55.56527602388635,-0.8524143998862073,-0.7268688028332875
75.57075407829447,76.87538929665449,77.91784508488539,-1.3046352183600192,-2.347091006590915
16.841382313816283,20.71142135818021,21.01027699261597,-3.870039044363928,-4.168894678799688
36.03291023914423,35.299102311052586,35.67233653879527,0.7338079280916432,0.36057370034895797
16.73788705545899,17.351199874594073,18.434952735060378,-0.6133128191350821,-1.697065679601387
86.68387619985776,86.31381928720435,88.01512973126859,0.37005691265341056,-1.3312535314108231
23.457027037817586,23.14634463339056,22.6049033135521,0.3106824044270269,0.8521237242654855
13.758488503984514,17.5487188779572,18.659287727780875,-3.790230373972685,-4.90079922379636
35.42374107482999,31.53235691285583,32.316417216052855,3.8913841619741625,3.1073238587771357
84.27533995965976,86.35254664162892,85.59491219556698,-2.077206681969159,-1.3195722359072164
96.58350122388391,99.88555160287882,99.22632816629189,-3.302050378994906,-2.6428269424079787
35.40781939154115,34.031418317835445,36.02705537290222,1.3764010737057077,-0.6192359813610651
19.61849213622332,17.107615078790857,17.968881159553938,2.510877057432463,1.6496109766693827
101.53176366835513,100.15908684229107,99.59014322366707,1.3726768260640512,1.9416204446880556
79.27390134852084,76.77793279522675,75.39817782617436,2.495968553294091,3.875723522346476
100.86958435153872,99.79843812969452,101.1284093275745,1.0711462218442023,-0.2588249760357826
89.69807288783205,88.45730607933113,88.43009169760516,1.240766808500922,1.267981190226891
26.238023034480506,27.812030142891572,28.03116140128883,-1.5740071084110667,-1.793138366808325
84.11638988194667,83.29105966305573,83.91968001652705,0.8253302188909402,0.19670986541962066
30.62141678245065,32.46770371104632,32.77794793539024,-1.8462869285956707,-2.156531152939589
73.40648767065257,70.50177151476056,70.32780123704364,2.904716155892004,3.0786864336089224
37.788991039076905,39.73451876222969,38.97944720922417,-1.9455277231527859,-1.1904561701472645
98.02792817290882,100.04946305962633,100.10427146417491,-2.021534886717518,-2.076343291266099
28.29915138330849,29.96785236106183,28.74610787941625,-1.668700977753339,-0.44695649610775945
82.20498051241927,85.28974781313164,84.72964462890103,-3.0847673007123717,-2.524664116481759
22.08798842835963,20.89992764912042,20.404315839108992,1.1880607792392084,1.6836725892506372
82.96823776418042,85.28622199085171,84.32425242277161,-2.3179842266712996,-1.3560146585911923
60.87516586474422,62.67622439058775,63.836695709949936,-1.8010585258435299,-2.9615298452057175
72.77112302655348,70.3976204247149,70.84192655834518,2.373502601838581,1.9291964682083034
55.46965499126206,60.15699209561777,59.64563502220945,-4.687337104355706,-4.175980030947386
32.57711529780428,37.32724362246731,37.39080239864907,-4.750128324663024,-4.813687100844788
67.41121684654762,64.15348795412595,63.49206060406586,3.2577288924216674,3.9191562424817548
38.69347376872089,37.65784441612037,37.72106019327028,1.0356293526005231,0.9724135754506094
91.86161307384168,94.23770699717673,95.38665600642835,-2.3760939233350484,-3.525042932586672
96.43346016622132,97.19175824468049,97.83038251769696,-0.7582980784591626,-1.396922351475638
46.42254982147119,49.03144422273344,48.83240670700385,-2.6088944012622477,-2.4098568855326548
65.44108116754394,69.02913699549958,68.7671118978396,-3.5880558279556425,-3.326030730295656
84.00761008170396,88.30291413995593,88.16838151684506,-4.295304058251972,-4.1607714351411005
15.82299481290447,18.23266912695624,18.04007055239825,-2.4096743140517685,-2.2170757394937812
33.89062424807045,32.97155790116055,34.3721298046557,0.9190663469099007,-0.4815055565852475
91.5882504133649,91.97331610842807,91.01510651738928,-0.3850656950631617,0.573143895975619
27.677378015868204,24.945617117352388,25.029654230834456,2.731760898515816,2.6477237850337474
44.387067555503975,47.54005933452585,47.76041222245204,-3.1529917790218747,-3.3733446669480642
71.41311811291288,72.91076969641232,71.52912343846516,-1.497651583499433,-0.11600532555227971
32.9388081767092,36.99673489582979,37.6486720260895,-4.057926719120587,-4.709863849380298
26.50550951040483,29.99719428561202,29.120371244101026,-3.4916847752071902,-2.614861733696195
59.81148611028543,55.91761294057038,56.50343973389087,3.89387316971505,3.3080463763945573
89.43137246162607,90.06428048284766,90.42257859948903,-0.6329080212215956,-0.9912061378629602
18.192417420360364,16.648180807349632,17.588254130724728,1.5442366130107317,0.6041632896356361
74.18542558197892,71.09846303760625,71.45312319950705,3.0869625443726676,2.7323023824718717
92.87632906863384,88.68894797705885,87.41933771988762,4.187381091574991,5.4569913487462145
89.65195353721782,91.451151484071,90.4669004668464,-1.7991979468531838,-0.8149469296285758
75.4335273815806,75.64971511003522,75.71683414024812,-0.21618772845461365,-0.2833067586675213
83.21037812717026,79.06751025249586,79.29122698110082,4.142867874674394,3.9191511460694386
100.0208615518111,100.02703416420181,99.5885738846409,-0.006172612390713539,0.4322876671702005
62.76854349746672,61.086725854734446,62.47925663956917,1.6818176427322769,0.28928685789755093
22.91876620613106,19.35229341647829,19.337152342289983,3.566472789652771,3.5816138638410777
38.51067517445406,37.80962456144637,37.42314883791619,0.7010506130076877,1.08752633653787
20.692571757825963,19.70342622257472,19.20283502012428,0.989145535251243,1.4897367377016835
12.024769413544234,13.14530906830592,14.078211408858465,-1.1205396547616857,-2.0534419953142304
19.59616799177631,14.798110572463415,14.110837612208545,4.798057419312894,5.485330379567763
32.24778325529722,28.951928035604826,28.8719154129876,3.2958552196923954,3.3758678423096207
39.38962400647205,43.02150575607325,42.20681902690734,-3.631881749601206,-2.8171950204352925
51.7075823906077,51.675818170201,52.255410133179595,0.031764220406699906,-0.5478277425718971
67.21672011012292,66.69407979355891,65.62106825475402,0.5226403165640079,1.5956518553688994
53.38157428999098,51.13839503413792,51.5444399663261,2.2431792558530574,1.837134323664877
24.068726505597954,27.542757653827692,27.150282947358615,-3.474031148229738,-3.081556441760661
22.559300798650053,25.50253771747757,25.095599754778696,-2.943236918827516,-2.5362989561286433
27.377109391057708,27.572071400930778,26.85276795027474,-0.19496200987306977,0.524341440782969
69.45634883125707,70.88901163327901,70.97660013734021,-1.4326628020219374,-1.5202513060831393
31.26771370747752,30.994215507971276,31.206416201224933,0.27349819950624266,0.06129750625258623
34.82174779091868,33.09824421874379,34.61410620278978,1.7235035721748915,0.20764158812890088
45.373708508100165,41.97638146458987,42.26896805419469,3.3973270435102947,3.104740453905478
102.3446056452524,97.76893572546967,98.93760433426513,4.575669919782726,3.407001310987269
70.78118787150684,74.142397499445,72.91255643732121,-3.361209627938152,-2.1313685658143697
104.02469503771016,99.8742930017682,99.28581663519495,4.1504020359419656,4.738878402515212
51.79504502968841,55.44060835807628,54.93452697536799,-3.6455633283878726,-3.1394819456795773
76.34242897400549,76.37828464472128,77.08401440647978,-0.03585567071579021,-0.7415854324742952
90.76886791364298,90.51606694035179,89.97362427532049,0.2528009732911869,0.7952436383224892
83.37065906555169,84.7758592470004,83.26220460957184,-1.4052001814487056,0.10845445597985304
96.6318025489891,98.26168966112672,98.09734907551548,-1.6298871121376237,-1.4655465265263814
14.97497782157468,14.476429517193196,14.52335293448022,0.4985483043814831,0.451624887094459
36.62337432812472,39.74372926638581,39.98369940548306,-3.1203549382610944,-3.3603250773583397
70.60249242886637,70.51869547835642,70.14167296237964,0.0837969505099494,0.46081946648672556
32.11402416490768,32.73631021795751,32.857431959816715,-0.6222860530498266,-0.7434077949090323
21.902533971831392,19.84050609202717,20.830313239539024,2.062027879804223,1.0722207322923687
103.06586907642904,99.95105314574779,99.19199633199567,3.114815930681246,3.8738727444333705
60.189980146395385,62.77513045426266,62.62741475150194,-2.5851503078672735,-2.437434605106553
15.50881046995563,18.876995521276633,19.35481812341996,-3.368185051321003,-3.84600765346433
60.20119937747073,59.69750623515971,58.62924089908392,0.5036931423110218,1.5719584783868115
96.73867575688293,95.54347290844736,96.5265344325583,1.1952028484355708,0.21214132432463373
89.87917634032722,94.12919867210545,93.72787309895718,-4.250022331778226,-3.8486967586299556
65.2313154614842,64.63929002408598,65.09982119768608,0.5920254373982203,0.13149426379811757
89.4934154468581,84.98247399517051,86.02272253578887,4.510941451687586,3.4706929110692215
28.82930603240849,28.05736870409436,27.620257845619022,0.7719373283141309,1.2090481867894667
66.05913501361444,65.80338364663812,66.20552036795242,0.2557513669763125,-0.14638535433797983
18.261931062883768,15.624027600217254,14.646311048295301,2.6379034626665145,3.615620014588467
40.40318275366975,40.89487755814793,41.88041157535772,-0.49169480447817904,-1.4772288216879659
42.39838530569242,38.676313908763376,39.20782712445327,3.7220713969290458,3.1905581812391546
69.11575085246213,71.92946160612733,71.46563342437562,-2.8137107536652053,-2.349882571913497
21.223472025342893,21.770224122592417,21.692181083041696,-0.5467520972495237,-0.46870905769880267
25.15314081082891,20.25153126813578,21.121687274861458,4.90160954269313,4.031453535967451
19.66096079871329,16.018852571016005,16.836129944518362,3.6421082276972854,2.8248308541949285
35.447275242617465,31.46479657215713,32.15167173986191,3.9824786704603348,3.2956035027555544
57.12830953648022,55.17871694650045,55.17897512960939,1.9495925899797655,1.9493344068708254
62.33238631671774,67.30515415132595,66.19792902369767,-4.972767834608213,-3.86554270697993
103.35509927879473,100.17202470534413,100.31157539130469,3.1830745734505967,3.043523887490039
95.29329518404036,93.50286628276245,94.5388220837856,1.790428901277906,0.7544731002547564
15.231244152639364,18.142387825904585,17.666906899346024,-2.9111436732652205,-2.43566274670666
93.96952972734572,93.54159504684387,93.18864721313872,0.42793468050184913,0.7808825142069935
40.00044653591419,37.319191835061,36.80106628600107,2.681254700853195,3.1993802499131263
26.431282237490294,25.71685684641764,25.810802641156766,0.7144253910726519,0.6204795963335279
99.53782348799162,94.98500496167463,95.49479994164157,4.552818526316983,4.043023546350042
95.53279634096928,100.09719685690646,99.65399048438947,-4.56440051593718,-4.121194143420183
102.8770801136042,100.06962739465827,101.29008795671389,2.8074527189459246,1.5869921568903038
71.16250179484298,68.19248102901977,68.0798237069869,2.9700207658232074,3.082678087856081
26.3000212119724,24.627092047714704,24.26639487848756,1.6729291642576953,2.0336263334848397
79.73295968767677,81.45255567693789,81.23858680865317,-1.7195959892611228,-1.5056271209763992
101.59972370993356,96.99352832807266,96.77263378541076,4.6061953818609,4.827089924522795
102.74572083174364,99.95065084196558,100.14192211917201,2.7950699897780567,2.6037987125716313
34.580259760950575,35.352803557603785,35.259253303023655,-0.7725437966532098,-0.6789935420730799
76.76399884326723,80.68763558798669,78.69426395960107,-3.9236367447194596,-1.9302651163338425
52.45970847199936,57.301068041994995,57.62291466740826,-4.841359569995632,-5.163206195408897
92.61499748714944,91.02655080791769,90.60799588725615,1.588446679231751,2.007001599893286
83.40111550255243,86.87066007176013,88.2771871486533,-3.4695445692076987,-4.876071646100868
69.21731740493442,72.47397360511314,72.45830651008868,-3.2566562001787247,-3.240989105154256
87.99498794231258,92.10973300780338,91.82330285212143,-4.114745065490808,-3.828314909808853
63.93003890784031,59.78388646792043,60.28689092506984,4.146152439919881,3.643147982770472
64.39615136131341,68.03358363705291,67.44387997359664,-3.6374322757394992,-3.0477286122832226
29.28855831642432,28.02968403402624,28.289374642001253,1.2588742823980823,0.9991836744230689
89.49267925501361,87.26113356368327,88.24321619767969,2.2315456913303393,1.2494630573339265
89.70981111090788,93.95180103006373,93.8759296676519,-4.241989919155856,-4.166118556744024
70.84299124188856,70.41975156185572,70.15559165423964,0.42323968003283596,0.6873995876489118
30.14132442759085,33.21170258882224,33.27818800710182,-3.0703781612313925,-3.136863579510969
18.64987744859831,16.330043739352767,16.231016655617182,2.319833709245543,2.4188607929811283
69.0164682322891,64.63269246726685,65.02623038673941,4.38377576502225,3.990237845549686
52.70840964388739,56.50931099308238,57.27563751874224,-3.8009013491949872,-4.567227874854851
24.481774340408883,25.762381216456564,25.87570370120869,-1.2806068760476812,-1.393929360799806
26.82184263950244,22.210661776994527,20.685028135991047,4.611180862507911,6.136814503511392
16.36390281911223,14.548403296768953,14.213079345758784,1.815499522343277,2.150823473353446
21.662362820669014,25.384390941927993,25.879077763673866,-3.7220281212589796,-4.2167149430048525
74.66568065329717,73.70621473025402,72.37589010650153,0.9594659230431546,2.2897905467956434
39.51039781508207,44.16068578625354,44.52644671090175,-4.6502879711714655,-5.016048895819679
101.6602833502152,97.00247927954186,98.4362518304632,4.657804070673336,3.224031519751989
66.57464241457467,67.90518649985069,67.00560770193559,-1.330544085276017,-0.43096528736091955
50.92039693986127,51.67310618238366,52.20040352167565,-0.7527092425223927,-1.2800065818143835
18.48993556710433,20.557107254565082,21.46222579107626,-2.0671716874607533,-2.9722902239719318
28.43993031319423,23.48037741536161,22.94254868070189,4.959552897832619,5.497381632492338
43.901302486080205,42.67791629198007,41.80570996460758,1.2233861941001365,2.095592521472625
25.739855877571763,26.73868400725233,25.68551415809976,-0.9988281296805681,0.054341719472002836
30.4588883022137,29.644260963339946,29.95807809041431,0.8146273388737555,0.50081021179939
45.80391955298967,50.373635002022006,50.86697004458919,-4.569715449032337,-5.063050491599519
68.25984602287532,71.23412618365944,70.21547194415147,-2.9742801607841187,-1.9556259212761518
16.56611083201646,20.512257027056755,21.46140496603638,-3.9461461950402956,-4.89529413401992
60.44561835183792,64.50000220990921,63.55603859976613,-4.05438385807129,-3.110420247928211
97.54704928070268,93.3936513364045,92.62504396222862,4.153397944298177,4.9220053184740635
33.1875110153236,28.05683823885097,26.773440840672286,5.1306727764726325,6.4140701746513145
29.19449450974281,29.400871457613743,28.369248196954853,-0.20637694787093253,0.8252463127879572
39.46934146425882,37.386835354712616,37.41689646198383,2.082506109546202,2.052445002274986
13.415219230682483,17.213355793418174,16.561905277213842,-3.7981365627356904,-3.146686046531359
34.416376879075855,33.929275205781416,35.77264601006016,0.48710167329443976,-1.3562691309843018
59.94101234827462,58.8494398981826,57.68502452410569,1.0915724500920163,2.255987824168926
21.99821292563682,23.67069591126928,24.091839862900976,-1.6724829856324597,-2.0936269372641547
72.83656785830358,75.6815110010824,75.88419135179731,-2.844943142778817,-3.047623493493731
28.74193520289523,28.67576293939562,29.03173122258227,0.06617226349960958,-0.2897960196870386
25.73816149848144,21.142075936573313,20.359361585750456,4.596085561908126,5.378799912730983
88.21309793482668,84.50848021574738,83.17237532958258,3.7046177190792946,5.040722605244099
78.31052005999334,77.58500952104414,78.50080843796462,0.7255105389491945,-0.19028837797128517
82.23403326600646,87.04184121669876,86.42631423987244,-4.807807950692293,-4.1922809738659765
91.29441602247124,94.206307743102,94.09071936108887,-2.911891720630763,-2.7963033386176335
83.66519514027739,85.00094006915573,84.08018174990119,-1.3357449288783414,-0.41498660962379574
26.019648605631044,24.655053459624433,24.382143723055542,1.3645951460066108,1.6375048825755023
88.15437705257479,91.02525179601213,89.49873418482679,-2.8708747434373407,-1.344357132252
12.464130699199924,16.246808809715354,16.865852635135084,-3.7826781105154303,-4.401721935935161
42.551059943848536,38.171257844978314,38.199121552192956,4.379802098870222,4.35193839165558
31.74566154244304,33.97722093781226,33.96594722244151,-2.2315593953692208,-2.220285679998465
28.89609186476653,33.78455672271267,32.80204161220224,-4.888464857946143,-3.9059497474357094
44.43445394288122,48.44371171413777,47.96215477802567,-4.00925777125655,-3.5277008351444508
32.534633451373125,28.836181997763042,28.81625910257672,3.698451453610083,3.718374348796406
102.14221170612056,100.32834880117035,99.59233335514232,1.8138629049502129,2.549878350978247
30.442516802069093,28.668535709846473,27.979094070063578,1.7739810922226198,2.4634227320055153
55.99786531897796,57.47950552915733,57.411657323359286,-1.4816402101793713,-1.4137920043813281
22.69098624648136,19.47579984765155,18.571091742083755,3.2151863988298075,4.119894504397603
65.0203931297565,64.1726360810734,63.77175252162452,0.8477570486830928,1.2486406081319785
82.62915492106353,78.69006159926994,77.45730036291192,3.9390933217935924,5.171854558151608
10.071093855364534,11.697994738515057,12.390019984974629,-1.6269008831505225,-2.3189261296100945
83.03779746321143,82.86373595689156,82.433731918954,0.17406150631987316,0.6040655442574376
33.37197487453962,31.414547126508914,31.514250204397158,1.9574277480307032,1.85772467014246
102.47832360934888,100.24477342860168,99.67448165954421,2.2335501807472014,2.8038419498046636
12.45403722995136,13.077265684140635,13.12130676363315,-0.6232284541892739,-0.6672695336817895
16.104949453063274,15.246674633840662,14.712287610995622,0.8582748192226113,1.3926618420676515
74.52759436543747,78.84126416782398,80.07556929778968,-4.313669802386514,-5.5479749323522185
15.0037048140247,18.993923696188865,19.186470300703448,-3.990218882164166,-4.182765486678749
13.75661313915714,15.942256717265671,16.6064940134022,-2.1856435781085306,-2.849880874245061
59.54158881839925,55.05736490419831,56.41867299349789,4.484223914200939,3.122915824901355
28.546713800092466,28.80113587204552,27.976211062370293,-0.254422071953055,0.5705027377221725
77.60273683142638,77.197594564555,77.19157127209297,0.4051422668713798,0.41116555933341203
33.04786179347245,34.482561220865435,34.307338406159374,-1.4346994273929852,-1.2594766126869246
24.03633131719852,24.4191510063166,24.16785438711655,-0.3828196891180795,-0.1315230699180283
59.99604925343188,58.99392624592965,58.085280053326485,1.0021230075022274,1.910769200105392
51.00065185604654,49.34892708396646,49.41209638378082,1.6517247720800796,1.5885554722657176
86.07860676350838,86.16744824588551,87.40083568872586,-0.08884148237713418,-1.3222289252174875
23.91653023153692,26.762826585986762,26.783156404727357,-2.8462963544498407,-2.8666261731904363
73.8094726844485,77.27773126715408,77.32718717524955,-3.4682585827055874,-3.5177144908010547
90.91069960392124,91.22389461749259,91.03349407824724,-0.31319501357134527,-0.12279447432599966
76.37825150211354,80.0676458452098,80.27365881075261,-3.6893943430962537,-3.895407308639065
47.48321326630516,43.954032964376225,44.32888213059034,3.529180301928932,3.15433113571482
59.15672800486272,60.019758986564156,60.50807504986298,-0.863030981701435,-1.35134704500026
27.83288980768754,25.110265282355194,24.486425882949547,2.7226245253323462,3.346463924737993
80.14062079507293,76.90227193643406,76.90391167198455,3.2383488586388722,3.2367091230883887
19.31301299763615,18.374669061894174,17.094784956770255,0.938343935741976,2.2182280408658954
95.67574199260724,98.11589574150761,98.62078909371435,-2.4401537489003715,-2.9450471011071073
79.69989803220375,75.6425618753253,75.8045599958437,4.057336156878449,3.8953380363600445
20.92102759917107,17.89570997461953,18.795139100337742,3.0253176245515405,2.1258884988333264
43.43976643748528,40.047920959101305,39.49161124605484,3.3918454783839778,3.9481551914304447
18.247501341672724,19.864922891199498,19.773799102523135,-1.6174215495267745,-1.5262977608504116
28.91419780168393,25.101104068337616,24.931982478354893,3.8130937333463137,3.9822153233290365
83.20518887753344,80.31629238455768,81.06362231217749,2.8888964929757606,2.1415665653559586
42.62086268318407,38.514951903012424,37.38712371424786,4.105910780171648,5.233738968936208
96.72463584946148,92.04728264826133,90.92021277232689,4.677353201200148,5.804423077134587
51.32006779495244,53.707864948063886,54.9140629977277,-2.3877971531114426,-3.593995202775254
33.379111245954,31.99842782579715,31.261716082785462,1.3806834201568492,2.1173951631685384
19.733700753182944,17.920194680973196,19.273144812348992,1.8135060722097478,0.46055594083395235
66.46694142855402,62.80335208107072,63.24214893843437,3.6635893474833026,3.224792490119654
19.48212495486601,19.46304927473239,19.203922889182405,0.019075680133617823,0.2782020656836046
26.66334931053475,24.524304059400745,25.23579993151086,2.1390452511340037,1.427549379023887
76.1831947236882,74.7937842541634,75.10986575636385,1.3894104695248046,1.0733289673243576
76.0636781515523,79.1667526042,79.48963020493368,-3.1030744526477037,-3.42595205338138
27.18844627217816,23.798850017201342,23.499555805020638,3.3895962549768193,3.688890467157524
74.04736355886199,72.1034600338324,72.63072547535603,1.943903525029583,1.4166380835059584
11.17421176434672,15.040284544098832,14.776329512871433,-3.866072779752111,-3.6021177485247122
42.386567596772416,39.95443994377266,39.03884802468765,2.4321276529997533,3.3477195720847632
17.4436152163266,22.44364031884605,21.416744021440323,-5.0000251025194515,-3.973128805113724
58.59508195199935,55.84057003859397,55.546987102382,2.7545119134053806,3.0480948496173497
78.05687272862993,76.42913777559336,76.4703647279237,1.6277349530365655,1.5865080007062318
30.06318428899122,30.624738903046605,30.54691265755681,-0.5615546140553853,-0.48372836856558976
69.64224052722119,71.69878975245405,70.63447761843017,-2.0565492252328568,-0.9922370912089775
78.17955779750898,81.66411586335056,82.33128520826365,-3.4845580658415827,-4.151727410754674
26.88413578898716,22.761029522805927,22.29192545291737,4.123106266181232,4.59221033606979
22.959817428213817,25.065831390894644,25.656493878834123,-2.1060139626808265,-2.6966764506203056
12.793337554083031,10.506727553392949,11.54216694272219,2.2866100006900822,1.2511706113608412
26.145574484460703,28.2105781505528,28.656644318789894,-2.065003666092096,-2.5110698343291915
95.1119061395617,99.93487652664977,100.10393881194378,-4.822970387088077,-4.992032672382081
44.99807692190785,47.57759612017192,47.04849172550752,-2.579519198264066,-2.050414803599665
100.17638935689436,100.14188710769145,101.1223802817413,0.03450224920291589,-0.9459909248469387
96.7743240275305,98.5249005774065,97.61063221533675,-1.7505765498760013,-0.836308187806253
27.328057123059683,24.35642321253831,24.76374728380784,2.9716339105213727,2.564309839251841
12.04292307875857,15.886436003075119,16.22768152442067,-3.843512924316549,-4.184758445662101
66.11023255269733,63.88775682620402,62.9097441169555,2.2224757264933075,3.200488435741825
32.82483307840404,36.89867861705427,36.056359943299654,-4.073845538650232,-3.2315268648956135
41.29185346592497,45.9249354334716,45.42826890891745,-4.63308196754663,-4.1364154429924795
34.16095322091562,30.155398311109916,30.53033177526988,4.005554909805706,3.630621445645744
72.90812533571363,75.7587137558466,75.68519824645723,-2.850588420132965,-2.7770729107435983
19.43585420826157,19.449381202955834,18.92801546818191,-0.01352699469426355,0.5078387400796593
49.43146137633944,47.87744567375719,49.48454199264861,1.5540157025822552,-0.05308061630916683
45.44589680827388,46.15756927787437,47.32267174333594,-0.7116724696004937,-1.876774935062059
30.488012993983443,28.96389127798844,29.919825051300386,1.5241217159950011,0.568187942683057
60.37987828124759,61.861356115875715,61.88244328463423,-1.481477834628123,-1.5025650033866356
96.26721670952676,100.27251794400625,100.30358287510995,-4.005301234479489,-4.036366165583189
86.54649864272159,83.14593584148723,84.1501726327426,3.400562801234358,2.396326009978992
52.952151262761696,52.212023376928336,51.68790743546998,0.7401278858333598,1.2642438272917147
66.58134631178766,69.0294696059602,69.81137997895058,-2.4481232941725466,-3.230033667162928
31.597866614997443,29.68873904787596,28.687622895914714,1.9091275671214838,2.910243719082729
20.68883026900579,25.49568058142315,25.70907810979456,-4.80685031241736,-5.02024784078877
44.80057231259762,46.354150632091084,47.71333651067471,-1.553578319493461,-2.9127641980770846
54.27706795295287,58.23336444498565,58.78698087220014,-3.9562964920327772,-4.50991291924727
18.545440337215098,20.46599966213944,22.72916643396336,-1.9205593249243407,-4.183726096748263
91.99365150498028,92.3286640061745,92.02838265161117,-0.3350125011942282,-0.0347311466308895
97.74041589704277,99.99771052542256,100.1215951676313,-2.257294628379796,-2.3811792705885324
17.753569142836835,21.815325152700183,22.21031458332463,-4.061756009863348,-4.456745440487797
29.93659171682625,25.909560765148,24.686972202898392,4.027030951678249,5.249619513927858
103.11889643568315,99.9593059680841,99.04543307699122,3.1595904675990596,4.073463358691939
23.713105692714564,25.285306658278305,24.756721415641767,-1.5722009655637414,-1.0436157229272034
